"","STATEFP","COUNTYFP","TRACTCE","AFFGEOID","GEOID","NAME","LSAD","ALAND","AWATER","state","county","healthcare_adjusted","healthcare_adjusted_percent","rank","geometry"
"1","37","063","001706","1400000US37063001706","37063001706","17.06","CT",5900440,4314,"37","063",0.0967863183612103,9.68,1,list(list(c(-78.987354, -78.985559, -78.981657, -78.974135, -78.971965, -78.969818, -78.965228, -78.962, -78.960206, -78.955993, -78.950085, -78.951522, -78.955343, -78.956035, -78.956604, -78.958318, -78.958884, -78.960706, -78.962091, -78.964293, -78.96569, -78.96739, -78.971423, -78.97494, -78.977014, -78.981789, -78.984022, -78.986656, -78.988504, -78.987354, 36.029355, 36.028999, 36.028162, 36.026904, 36.027077, 36.027661, 36.029967, 36.029771, 36.028668, 36.022299, 36.018499, 36.016097, 36.011826, 
36.010636, 36.009045, 36.003347, 35.998823, 35.999586, 36.000817, 36.003882, 36.00684, 36.008386, 36.010133, 36.012756, 36.013565, 36.016242, 36.019606, 36.021079, 36.022774, 36.029355)))
"2","37","063","002300","1400000US37063002300","37063002300","23","CT",1241975,0,"37","063",0.104102878138396,10.41,1,list(list(c(-78.909064, -78.90674, -78.905675, -78.902509, -78.898886, -78.897197, -78.895922, -78.895076, -78.892493, -78.893379, -78.893942, -78.903179, -78.905582, -78.90776, -78.908897, -78.909064, 35.98449, 35.989219, 35.991234, 35.994879, 35.992594, 35.990446, 35.987814, 35.98686, 35.985405, 35.983877, 35.982937, 35.982677, 35.981692, 35.982152, 35.9838, 35.98449)))
"3","37","063","001301","1400000US37063001301","37063001301","13.01","CT",747644,757,"37","063",0.23082489146165,23.08,1,list(list(c(-78.908897, -78.90776, -78.905582, -78.903179, -78.893942, -78.893379, -78.893579, -78.891812, -78.893036, -78.896977, -78.900618, -78.90695, -78.908653, -78.908362, -78.908897, 35.9838, 35.982152, 35.981692, 35.982677, 35.982937, 35.983877, 35.979921, 35.979414, 35.976269, 35.977396, 35.977388, 35.980315, 35.979625, 35.98225, 35.9838)))
"4","37","063","000900","1400000US37063000900","37063000900","9","CT",1025538,0,"37","063",0.287719298245614,28.77,1,list(list(c(-78.893051, -78.892003, -78.886038, -78.883141, -78.878907, -78.878327, -78.877645, -78.880704, -78.880032, -78.883799, -78.883826, -78.885963, -78.885936, -78.889587, -78.889438, -78.891965, -78.89185, -78.894407, -78.893051, 36.003424, 36.00323, 36.003607, 36.003744, 36.003609, 36.003637, 36.002967, 35.998738, 35.996285, 35.996306, 35.994497, 35.994521, 35.995799, 35.99586, 35.997369, 35.997469, 35.998573, 35.99857, 36.003424)))
"5","37","063","002023","1400000US37063002023","37063002023","20.23","CT",2302345,1893,"37","063",0.0526315789473684,5.26,1,list(list(c(-78.952915, -78.952451, -78.948562, -78.944563, -78.942965, -78.936169, -78.933763, -78.930177, -78.928436, -78.926876, -78.9311, -78.93465, -78.940276, -78.945787, -78.947925, -78.951557, -78.954725, -78.952915, 35.921668, 35.922583, 35.921755, 35.923656, 35.923889, 35.922201, 35.921301, 35.923594, 35.923911, 35.92336, 35.917389, 35.910681, 35.911123, 35.912162, 35.912699, 35.916827, 35.918593, 35.921668)))
"6","37","063","001501","1400000US37063001501","37063001501","15.01","CT",2738186,1510,"37","063",0.0174195453203425,1.74,1,list(list(c(-78.951406, -78.949133, -78.946254, -78.944657, -78.944094, -78.937302, -78.937269, -78.934186, -78.933526, -78.933986, -78.929789, -78.930206, -78.930307, -78.934395, -78.935891, -78.93755, -78.939431, -78.940832, -78.943284, -78.948617, -78.953322, -78.951406, 36.003124, 36.00485, 36.007511, 36.00862, 36.008719, 36.008182, 36.009218, 36.009182, 36.009032, 36.007867, 36.006702, 36.000047, 35.99839, 35.99699, 35.996075, 35.994069, 35.993152, 35.991616, 35.992516, 35.996128, 35.997668, 
36.003124)))
"7","37","063","002026","1400000US37063002026","37063002026","20.26","CT",5677461,94453,"37","063",0.194627192982456,19.46,1,list(list(c(-78.921689, -78.919821, -78.916614, -78.91446, -78.912105, -78.908961, -78.905347, -78.903904, -78.903786, -78.898261, -78.893348, -78.891628, -78.879374, -78.87733, -78.879974, -78.887078, -78.888154, -78.888478, -78.892314, -78.895614, -78.901418, -78.906947, -78.913207, -78.919207, -78.920255, -78.921162, -78.921689, 35.945994, 35.948376, 35.949406, 35.951007, 35.951126, 35.952157, 35.952627, 35.950309, 35.949484, 35.951748, 35.955625, 35.955939, 35.957178, 35.957851, 35.954948, 35.932097, 
35.933608, 35.931192, 35.932206, 35.934454, 35.938514, 35.939558, 35.94145, 35.942595, 35.943481, 35.945445, 35.945994)))
"8","37","063","000402","1400000US37063000402","37063000402","4.02","CT",1432187,0,"37","063",0.0641848523748395,6.42,1,list(list(c(-78.949402, -78.945365, -78.934997, -78.934661, -78.921675, -78.919269, -78.918046, -78.918167, -78.918402, -78.919594, -78.91982, -78.927635, -78.929358, -78.930987, -78.933145, -78.935002, -78.936182, -78.93789, -78.945553, -78.94928, -78.950085, -78.949402, 36.020655, 36.018919, 36.015287, 36.016151, 36.015604, 36.015352, 36.015307, 36.0135, 36.009875, 36.009927, 36.005943, 36.007252, 36.008011, 36.009146, 36.011777, 36.014217, 36.015178, 36.015899, 36.01738, 36.018166, 36.018499, 
36.020655)))
"9","37","063","000302","1400000US37063000302","37063000302","3.02","CT",1722150,0,"37","063",0.107357947106572,10.74,1,list(list(c(-78.912203, -78.912356, -78.911087, -78.910909, -78.910669, -78.905446, -78.901012, -78.898368, -78.896058, -78.895962, -78.895972, -78.89598, -78.901779, -78.903099, -78.903807, -78.908273, -78.908279, -78.911167, -78.912493, -78.912203, 36.007912, 36.00966, 36.00994, 36.013213, 36.01689, 36.016901, 36.016894, 36.017938, 36.016987, 36.012756, 36.010172, 36.00892, 36.007839, 36.005502, 36.004448, 36.004461, 36.003423, 36.003438, 36.003452, 36.007912)))
"10","37","063","000101","1400000US37063000101","37063000101","1.01","CT",3404979,2847,"37","063",0.128888888888889,12.89,1,list(list(c(-78.893431, -78.893642, -78.890783, -78.89248, -78.891541, -78.887533, -78.887549, -78.883509, -78.883697, -78.878008, -78.877871, -78.878939, -78.873658, -78.87389, -78.874842, -78.875563, -78.875501, -78.875462, -78.877118, -78.877938, -78.889487, -78.890467, -78.890101, -78.892324, -78.892576, -78.893178, -78.894894, -78.893431, 36.030106, 36.031285, 36.031689, 36.032657, 36.035158, 36.036524, 36.035403, 36.035239, 36.033971, 36.033423, 36.02997, 36.02817, 36.025902, 36.024658, 36.019612, 
36.015142, 36.014214, 36.013569, 36.013604, 36.013615, 36.014549, 36.014804, 36.016311, 36.016364, 36.021642, 36.028933, 36.029906, 36.030106)))
"11","37","063","001705","1400000US37063001705","37063001705","17.05","CT",7399226,63744,"37","063",0.113663366336634,11.37,1,list(list(c(-78.957482, -78.957236, -78.953422, -78.951506, -78.950217, -78.947154, -78.942732, -78.940343, -78.935514, -78.935352, -78.934663, -78.929482, -78.929295, -78.927733, -78.927798, -78.923328, -78.921544, -78.918632, -78.916567, -78.910441, -78.909168, -78.907477, -78.905795, -78.905812, -78.903175, -78.902504, -78.900779, -78.908731, -78.908398, -78.908254, -78.910633, -78.910982, -78.912506, -78.916602, -78.92011, -78.922098, -78.925507, -78.93551, -78.935847, -78.937302, -78.945445, 
-78.94738, -78.951201, -78.953656, -78.953722, -78.952171, -78.95295, -78.955815, -78.956799, -78.957725, -78.957482, 36.041344, 36.042698, 36.041968, 36.039527, 36.038857, 36.038501, 36.036927, 36.03677, 36.037546, 36.044176, 36.044778, 36.04409, 36.051689, 36.051656, 36.049138, 36.048797, 36.047082, 36.045734, 36.045371, 36.047092, 36.046338, 36.048031, 36.049385, 36.047458, 36.047567, 36.045626, 36.04289, 36.042943, 36.040031, 36.037798, 36.033465, 36.03097, 36.029039, 36.025275, 36.027925, 36.028593, 
36.028693, 36.02879, 36.028757, 36.028425, 36.02505, 36.024651, 36.024849, 36.025691, 36.027023, 36.032096, 36.034003, 36.0378, 36.039957, 36.040813, 36.041344)))
"12","37","063","000600","1400000US37063000600","37063000600","6","CT",7174898,15078,"37","063",0.169331395348837,16.93,1,list(list(c(-78.958314, -78.953322, -78.948617, -78.943284, -78.940832, -78.939431, -78.93755, -78.935891, -78.934395, -78.930307, -78.930206, -78.925212, -78.923381, -78.924304, -78.923142, -78.924974, -78.920973, -78.919851, -78.922173, -78.923778, -78.925778, -78.9242, -78.920258, -78.9203, -78.920783, -78.924382, -78.926167, -78.92885, -78.934032, -78.936843, -78.936789, -78.939283, -78.940289, -78.942454, -78.948798, -78.958086, -78.958125, -78.958314, 35.998711, 35.997668, 35.996128, 35.992516, 
35.991616, 35.993152, 35.994069, 35.996075, 35.99699, 35.99839, 36.000047, 36.00034, 35.999996, 35.997205, 35.996938, 35.993575, 35.993596, 35.991922, 35.992057, 35.990607, 35.987813, 35.986642, 35.986396, 35.98462, 35.976434, 35.974262, 35.971748, 35.970991, 35.973645, 35.974797, 35.975123, 35.976424, 35.976899, 35.977584, 35.979584, 35.983832, 35.986441, 35.998711)))
"13","37","063","001001","1400000US37063001001","37063001001","10.01","CT",2284922,2069,"37","063",0.307069616837561,30.71,1,list(list(c(-78.885963, -78.883826, -78.883799, -78.880032, -78.877976, -78.878066, -78.878742, -78.878348, -78.874903, -78.873315, -78.870849, -78.871063, -78.868707, -78.868739, -78.869253, -78.863833, -78.863488, -78.863013, -78.864692, -78.865883, -78.868525, -78.86916, -78.867492, -78.866839, -78.868487, -78.870358, -78.870917, -78.872101, -78.873276, -78.876007, -78.883694, -78.88266, -78.882646, -78.882752, -78.886093, -78.884932, -78.886215, -78.885963, 35.994521, 35.994497, 35.996306, 35.996285, 
35.996251, 35.994431, 35.992451, 35.988867, 35.988883, 35.988723, 35.988617, 35.986129, 35.986563, 35.985271, 35.981585, 35.981554, 35.981569, 35.981511, 35.9796, 35.978858, 35.977702, 35.975474, 35.972967, 35.97252, 35.969661, 35.972302, 35.973866, 35.975613, 35.976669, 35.978457, 35.981694, 35.984173, 35.985357, 35.98666, 35.987944, 35.989933, 35.990412, 35.994521)))
"14","37","063","002015","1400000US37063002015","37063002015","20.15","CT",3745251,2104,"37","063",0.245819686260989,24.58,1,list(list(c(-78.96238, -78.960513, -78.955725, -78.953161, -78.946231, -78.944074, -78.94017, -78.939283, -78.936789, -78.936843, -78.934032, -78.92885, -78.929822, -78.93242, -78.932507, -78.935064, -78.936593, -78.936652, -78.940056, -78.940257, -78.94757, -78.94764, -78.947914, -78.949681, -78.952514, -78.955007, -78.955394, -78.954754, -78.956372, -78.955092, -78.958648, -78.959416, -78.960771, -78.961431, -78.963518, -78.96238, 35.969958, 35.974046, 35.973479, 35.974526, 35.975832, 35.975409, 
35.975886, 35.976424, 35.975123, 35.974797, 35.973645, 35.970991, 35.970763, 35.970161, 35.966803, 35.966859, 35.966086, 35.964727, 35.964946, 35.960893, 35.961126, 35.958425, 35.957884, 35.957266, 35.957048, 35.955925, 35.956386, 35.959241, 35.962557, 35.966006, 35.964553, 35.963745, 35.965207, 35.968632, 35.968053, 35.969958)))
"15","37","063","002027","1400000US37063002027","37063002027","20.27","CT",16532409,119626,"37","063",0.110438156525031,11.04,1,list(list(c(-78.917076, -78.915866, -78.912909, -78.910893, -78.909972, -78.908088, -78.90491, -78.902714, -78.901625, -78.891544, -78.89098, -78.889269, -78.887078, -78.879974, -78.87733, -78.872375, -78.871886, -78.870297, -78.870358, -78.868487, -78.866839, -78.865744, -78.865768, -78.861281, -78.859615, -78.863391, -78.863769, -78.863679, -78.865037, -78.867744, -78.867603, -78.866946, -78.867181, -78.86802, -78.872323, -78.872401, -78.872617, -78.874651, -78.874876, -78.878264, -78.879235, -78.879368, 
-78.879333, -78.879437, -78.878389, -78.878597, -78.876855, -78.877615, -78.878531, -78.879208, -78.881713, -78.882469, -78.882117, -78.881093, -78.881469, -78.881646, -78.885054, -78.885271, -78.88674, -78.886864, -78.884671, -78.884272, -78.880554, -78.880577, -78.880266, -78.880944, -78.887576, -78.887788, -78.884923, -78.884717, -78.885954, -78.888167, -78.888861, -78.888907, -78.888251, -78.881962, -78.882293, -78.883071, -78.885326, -78.885743, -78.885999, -78.885781, -78.886147, -78.88646, 
-78.886749, -78.887599, -78.887604, -78.887625, -78.890486, -78.892401, -78.906071, -78.914761, -78.914604, -78.913191, -78.911384, -78.90946, -78.908575, -78.906067, -78.904264, -78.90122, -78.900794, -78.900599, -78.900012, -78.899694, -78.899235, -78.899309, -78.898809, -78.898681, -78.897985, -78.897417, -78.895992, -78.898112, -78.900116, -78.898718, -78.899763, -78.900194, -78.901707, -78.899511, -78.899693, -78.901515, -78.900867, -78.90198, -78.900904, -78.907341, -78.911368, -78.917225, 
-78.916325, -78.916406, -78.917455, -78.917076, 35.916121, 35.917334, 35.923139, 35.925649, 35.925033, 35.920832, 35.918775, 35.916491, 35.915761, 35.915293, 35.91527, 35.924716, 35.932097, 35.954948, 35.957851, 35.9626, 35.963556, 35.969909, 35.972302, 35.969661, 35.97252, 35.972187, 35.971908, 35.968816, 35.966811, 35.956876, 35.955363, 35.955005, 35.952624, 35.94663, 35.945776, 35.944216, 35.943352, 35.943588, 35.943656, 35.942585, 35.941683, 35.941683, 35.942788, 35.939855, 35.940497, 35.933499, 
35.933126, 35.92871, 35.928722, 35.925665, 35.925623, 35.922887, 35.923355, 35.923599, 35.924016, 35.922111, 35.921835, 35.921073, 35.919231, 35.918072, 35.918113, 35.915308, 35.914827, 35.914038, 35.913944, 35.913906, 35.913822, 35.913313, 35.911335, 35.903116, 35.905607, 35.904194, 35.903744, 35.900864, 35.899874, 35.900241, 35.898586, 35.89461, 35.893003, 35.892967, 35.887149, 35.886029, 35.886234, 35.884566, 35.882604, 35.881353, 35.881254, 35.880038, 35.879685, 35.878228, 35.878186, 35.878005, 
35.867874, 35.867902, 35.868096, 35.867705, 35.869391, 35.872431, 35.872302, 35.873161, 35.874527, 35.875693, 35.875242, 35.876928, 35.876197, 35.876054, 35.876092, 35.876641, 35.876564, 35.876894, 35.877097, 35.877399, 35.877932, 35.880036, 35.881645, 35.881811, 35.882668, 35.884975, 35.886646, 35.888344, 35.88902, 35.891453, 35.893085, 35.894013, 35.895403, 35.898013, 35.90268, 35.902712, 35.90376, 35.905523, 35.906969, 35.908749, 35.915279, 35.916121)))
"16","37","063","001711","1400000US37063001711","37063001711","17.11","CT",3925302,23975,"37","063",0.251063829787234,25.11,1,list(list(c(-78.942938, -78.938555, -78.93262, -78.935595, -78.935601, -78.935552, -78.935314, -78.934968, -78.934863, -78.930978, -78.925927, -78.924041, -78.914884, -78.917267, -78.921323, -78.92117, -78.926624, -78.926413, -78.9209, -78.919032, -78.919551, -78.919639, -78.918632, -78.921544, -78.923328, -78.927798, -78.927733, -78.929295, -78.929482, -78.934663, -78.935352, -78.936267, -78.934869, -78.935779, -78.937203, -78.939409, -78.946481, -78.942938, 36.062431, 36.064546, 36.065716, 36.069201, 
36.070576, 36.070708, 36.07117, 36.071754, 36.071917, 36.070518, 36.070876, 36.069973, 36.06866, 36.067045, 36.066159, 36.063392, 36.059574, 36.057483, 36.057294, 36.055728, 36.0547, 36.051107, 36.045734, 36.047082, 36.048797, 36.049138, 36.051656, 36.051689, 36.04409, 36.044778, 36.044176, 36.048115, 36.054528, 36.0556, 36.057284, 36.057495, 36.06184, 36.062431)))
"17","37","063","001601","1400000US37063001601","37063001601","16.01","CT",26428567,473151,"37","063",0.0672882672882673,6.73,1,list(list(c(-78.910974, -78.91091, -78.910565, -78.910363, -78.910058, -78.909838, -78.910229, -78.908619, -78.905633, -78.903316, -78.901255, -78.900713, -78.901519, -78.904704, -78.90575, -78.904513, -78.898039, -78.894704, -78.89126, -78.888538, -78.886148, -78.88176, -78.880873, -78.882598, -78.882118, -78.879688, -78.873911, -78.873285, -78.87312, -78.875562, -78.875337, -78.876288, -78.878178, -78.878403, -78.8731, -78.869866, -78.866867, -78.865198, -78.863309, -78.862587, -78.859737, -78.858482, 
-78.856317, -78.855487, -78.854058, -78.851826, -78.853714, -78.854663, -78.855941, -78.856447, -78.854455, -78.855957, -78.858462, -78.859905, -78.861562, -78.860521, -78.862579, -78.861361, -78.856808, -78.857754, -78.857257, -78.854925, -78.854042, -78.855376, -78.855546, -78.854605, -78.852107, -78.849004, -78.847669, -78.847562, -78.846342, -78.844675, -78.843984, -78.843956, -78.849453, -78.851288, -78.853338, -78.856, -78.860092, -78.860786, -78.862752, -78.864768, -78.866658, -78.866329, 
-78.869607, -78.871102, -78.868204, -78.868649, -78.872423, -78.873976, -78.876463, -78.877941, -78.881346, -78.885444, -78.886459, -78.887557, -78.891844, -78.893256, -78.895285, -78.895898, -78.899665, -78.901165, -78.902529, -78.906608, -78.908614, -78.911037, -78.910974, 36.084066, 36.085996, 36.092927, 36.093752, 36.094932, 36.096821, 36.102527, 36.10816, 36.112103, 36.117183, 36.121743, 36.124531, 36.127589, 36.133331, 36.139011, 36.138518, 36.133858, 36.135747, 36.135023, 36.135021, 36.136055, 
36.136096, 36.134563, 36.132357, 36.13142, 36.131453, 36.13018, 36.129576, 36.128945, 36.125652, 36.122746, 36.117925, 36.11662, 36.115043, 36.113725, 36.112322, 36.112454, 36.114255, 36.114929, 36.114793, 36.113115, 36.112085, 36.111586, 36.110234, 36.109779, 36.107976, 36.107663, 36.105276, 36.104376, 36.100772, 36.096984, 36.095769, 36.091807, 36.092079, 36.091103, 36.089286, 36.086945, 36.08478, 36.085226, 36.083875, 36.082748, 36.0827, 36.080826, 36.07896, 36.076978, 36.075535, 36.075622, 36.072959, 
36.074039, 36.072011, 36.071424, 36.072323, 36.071579, 36.070925, 36.070301, 36.068366, 36.070486, 36.071796, 36.071891, 36.071925, 36.072633, 36.072978, 36.071223, 36.068518, 36.066494, 36.068794, 36.074286, 36.075415, 36.075735, 36.076593, 36.076288, 36.07927, 36.077735, 36.077175, 36.076801, 36.076112, 36.072608, 36.072664, 36.073106, 36.076725, 36.077256, 36.076176, 36.073044, 36.073792, 36.072033, 36.081393, 36.084066)))
"18","37","063","002100","1400000US37063002100","37063002100","21","CT",180082998,5598688,"37","063",0.0264130434782609,2.64,1,list(list(c(-78.967374, -78.96137, -78.960488, -78.959997, -78.950597, -78.94582, -78.936611, -78.933925, -78.932939, -78.932527, -78.918203, -78.906142, -78.88861, -78.802335, -78.802351, -78.802519, -78.803086, -78.803118, -78.803963, -78.80469, -78.805316, -78.804901, -78.810319, -78.811485, -78.820312, -78.822313, -78.824873, -78.824596, -78.822098, -78.822604, -78.824657, -78.827545, -78.828602, -78.828549, -78.830994, -78.834713, -78.836436, -78.837049, -78.841409, -78.842048, -78.839834, -78.837557, 
-78.835562, -78.836176, -78.838064, -78.840616, -78.843618, -78.843984, -78.844675, -78.846342, -78.847562, -78.847669, -78.849004, -78.852107, -78.854605, -78.855546, -78.855376, -78.854042, -78.854925, -78.857257, -78.857754, -78.856808, -78.861361, -78.862579, -78.860521, -78.861562, -78.859905, -78.858462, -78.855957, -78.854455, -78.856447, -78.855941, -78.854663, -78.853714, -78.851826, -78.854058, -78.855487, -78.856317, -78.858482, -78.859737, -78.862587, -78.863309, -78.865198, -78.866867, 
-78.869866, -78.8731, -78.878403, -78.878178, -78.876288, -78.875337, -78.875562, -78.87312, -78.873285, -78.873911, -78.879688, -78.882118, -78.882598, -78.880873, -78.88176, -78.886148, -78.888538, -78.89126, -78.894704, -78.898039, -78.904513, -78.90575, -78.91242, -78.91381, -78.915976, -78.917918, -78.919377, -78.923917, -78.928642, -78.930308, -78.934085, -78.93342, -78.934643, -78.936754, -78.937863, -78.939362, -78.942473, -78.940691, -78.941078, -78.942355, -78.943879, -78.946467, -78.94919, 
-78.949856, -78.954078, -78.956245, -78.960803, -78.963305, -78.966694, -78.967374, 36.143223, 36.178259, 36.183264, 36.186275, 36.23932, 36.239228, 36.239077, 36.239002, 36.238976, 36.238969, 36.23869, 36.238457, 36.238039, 36.235794, 36.220733, 36.213489, 36.178983, 36.177162, 36.133312, 36.094551, 36.093916, 36.091977, 36.094851, 36.095033, 36.095226, 36.094508, 36.091718, 36.091042, 36.091264, 36.088155, 36.088609, 36.088027, 36.087307, 36.085865, 36.084922, 36.085018, 36.084389, 36.083128, 36.08221, 
36.081648, 36.078581, 36.079073, 36.077043, 36.075692, 36.075424, 36.075878, 36.073854, 36.071579, 36.072323, 36.071424, 36.072011, 36.074039, 36.072959, 36.075622, 36.075535, 36.076978, 36.07896, 36.080826, 36.0827, 36.082748, 36.083875, 36.085226, 36.08478, 36.086945, 36.089286, 36.091103, 36.092079, 36.091807, 36.095769, 36.096984, 36.100772, 36.104376, 36.105276, 36.107663, 36.107976, 36.109779, 36.110234, 36.111586, 36.112085, 36.113115, 36.114793, 36.114929, 36.114255, 36.112454, 36.112322, 
36.113725, 36.115043, 36.11662, 36.117925, 36.122746, 36.125652, 36.128945, 36.129576, 36.13018, 36.131453, 36.13142, 36.132357, 36.134563, 36.136096, 36.136055, 36.135021, 36.135023, 36.135747, 36.133858, 36.138518, 36.139011, 36.139186, 36.138195, 36.138603, 36.141533, 36.141653, 36.142663, 36.141538, 36.139963, 36.140011, 36.138163, 36.137487, 36.137714, 36.139697, 36.140914, 36.141907, 36.146953, 36.149747, 36.151055, 36.149966, 36.150031, 36.14912, 36.150022, 36.151195, 36.150925, 36.147818, 
36.143988, 36.143809, 36.143223)))
"19","37","063","002018","1400000US37063002018","37063002018","20.18","CT",17744405,134375,"37","063",0.0550745801606342,5.51,1,list(list(c(-79.008541, -79.007457, -79.006887, -79.004389, -79.003555, -79.00213, -79.001238, -79.000252, -78.998823, -78.994459, -78.986776, -78.981505, -78.979646, -78.977489, -78.974017, -78.968944, -78.968879, -78.967739, -78.963769, -78.962484, -78.960607, -78.960164, -78.960888, -78.960899, -78.959701, -78.961359, -78.979768, -78.980234, -78.984146, -78.990333, -78.992979, -78.998706, -79.00021, -79.000709, -79.006778, -79.0095, -79.008541, 35.907844, 35.913982, 35.917197, 35.9315, 35.936489, 
35.944616, 35.949802, 35.950285, 35.950933, 35.952911, 35.956371, 35.959168, 35.958246, 35.95506, 35.956863, 35.948403, 35.948211, 35.945081, 35.937989, 35.936117, 35.932435, 35.929215, 35.924945, 35.921654, 35.920247, 35.918869, 35.914483, 35.914282, 35.911736, 35.908899, 35.908117, 35.904499, 35.904012, 35.903361, 35.901714, 35.902401, 35.907844)))
"20","37","063","002020","1400000US37063002020","37063002020","20.20","CT",16336211,287969,"37","063",0.0298186702484889,2.98,1,list(list(c(-78.97849, -78.973396, -78.971956, -78.970404, -78.968872, -78.967486, -78.963396, -78.962343, -78.961646, -78.960647, -78.960446, -78.961817, -78.962363, -78.964686, -78.965599, -78.96423, -78.965661, -78.967194, -78.968369, -78.968613, -78.970334, -78.971226, -78.969107, -78.97031, -78.968128, -78.971026, -78.969271, -78.970176, -78.969941, -78.970606, -78.970421, -78.968956, -78.96501, -78.959986, -78.958855, -78.958585, -78.958206, -78.955509, -78.951776, -78.949095, -78.948662, -78.945596, 
-78.942065, -78.941626, -78.940603, -78.938316, -78.937814, -78.936225, -78.934979, -78.932975, -78.929574, -78.927709, -78.925095, -78.923762, -78.923674, -78.918733, -78.9169, -78.91643, -78.915945, -78.915708, -78.915423, -78.915066, -78.914701, -78.913191, -78.914604, -78.914761, -78.919971, -78.92027, -78.935059, -78.94373, -78.947303, -78.947455, -78.947582, -78.978246, -78.97849, 35.866816, 35.867959, 35.869717, 35.869624, 35.870601, 35.869665, 35.870513, 35.871209, 35.873244, 35.873973, 35.875397, 
35.876188, 35.875159, 35.877523, 35.881522, 35.883819, 35.884883, 35.885752, 35.885554, 35.887075, 35.887762, 35.888926, 35.89146, 35.893789, 35.894569, 35.894799, 35.897393, 35.897651, 35.899316, 35.900024, 35.900354, 35.90387, 35.903674, 35.90396, 35.896904, 35.895462, 35.89344, 35.893752, 35.895209, 35.895343, 35.895351, 35.895432, 35.895455, 35.896355, 35.896617, 35.897458, 35.897931, 35.898918, 35.899494, 35.900239, 35.901377, 35.902497, 35.902073, 35.900714, 35.896683, 35.892082, 35.891096, 
35.890296, 35.88475, 35.883984, 35.882992, 35.878995, 35.875458, 35.872431, 35.869391, 35.867705, 35.867477, 35.867463, 35.866813, 35.866432, 35.866274, 35.866267, 35.866262, 35.864905, 35.866816)))
"21","37","063","001900","1400000US37063001900","37063001900","19","CT",58394780,8663142,"37","063",0.0267089180624717,2.67,1,list(list(c(-78.813373, -78.805751, -78.802515, -78.801464, -78.799516, -78.795253, -78.794314, -78.792999, -78.793518, -78.793862, -78.794148, -78.794213, -78.794171, -78.793663, -78.793567, -78.793024, -78.792806, -78.792799, -78.792976, -78.792632, -78.792014, -78.791525, -78.79052, -78.788529, -78.786422, -78.785216, -78.784589, -78.78259, -78.782828, -78.784653, -78.784961, -78.785183, -78.785987, -78.784288, -78.780743, -78.780645, -78.778773, -78.777583, -78.773839, -78.771943, -78.771567, 
-78.771502, -78.77048, -78.768932, -78.769935, -78.769426, -78.766776, -78.764195, -78.761994, -78.760664, -78.759242, -78.758403, -78.758553, -78.760254, -78.763603, -78.76518, -78.766172, -78.764321, -78.764488, -78.763768, -78.7601, -78.756427, -78.754026, -78.753611, -78.740187, -78.73447, -78.719951, -78.707437, -78.706236, -78.70235, -78.699847, -78.711579, -78.713411, -78.714992, -78.715293, -78.717014, -78.718042, -78.718503, -78.727771, -78.741707, -78.742147, -78.746436, -78.748575, -78.748886, 
-78.749456, -78.750746, -78.751579, -78.753623, -78.753885, -78.754303, -78.756446, -78.75776, -78.75821, -78.758381, -78.758504, -78.758731, -78.758964, -78.75914, -78.759483, -78.762864, -78.76431, -78.764407, -78.772113, -78.775035, -78.775413, -78.775688, -78.777985, -78.780135, -78.782921, -78.791669, -78.800874, -78.801028, -78.801218, -78.801972, -78.805177, -78.806556, -78.806744, -78.809942, -78.813373, 35.935133, 35.937636, 35.937455, 35.937806, 35.94039, 35.940668, 35.943033, 35.946638, 
35.948071, 35.94861, 35.949154, 35.949637, 35.949979, 35.951289, 35.951515, 35.953123, 35.95394, 35.954497, 35.95638, 35.957356, 35.958183, 35.958814, 35.959889, 35.960765, 35.961539, 35.961877, 35.962054, 35.962785, 35.965854, 35.969274, 35.974151, 35.97451, 35.975726, 35.975941, 35.976447, 35.978103, 35.980286, 35.981226, 35.982674, 35.984405, 35.985163, 35.985329, 35.987821, 35.9908, 35.993971, 35.999938, 36.006713, 36.010677, 36.013036, 36.015204, 36.020094, 36.024204, 36.025096, 36.026215, 36.02707, 
36.027942, 36.032194, 36.034079, 36.04031, 36.041543, 36.04325, 36.046046, 36.047812, 36.031384, 36.023561, 36.025269, 36.02959, 36.011106, 36.011157, 36.01132, 36.011427, 35.974444, 35.968949, 35.966982, 35.966059, 35.961265, 35.960127, 35.959616, 35.949374, 35.933906, 35.93391, 35.933308, 35.933541, 35.933501, 35.933286, 35.931855, 35.930365, 35.927632, 35.927111, 35.926218, 35.923823, 35.922159, 35.921558, 35.92098, 35.920506, 35.919729, 35.918918, 35.918401, 35.91847, 35.919147, 35.919436, 35.919456, 
35.921001, 35.921584, 35.92166, 35.921715, 35.922174, 35.922605, 35.923162, 35.924915, 35.926752, 35.926783, 35.926821, 35.926972, 35.929223, 35.930224, 35.93036, 35.93267, 35.935133)))
"22","37","063","000102","1400000US37063000102","37063000102","1.02","CT",3979698,726,"37","063",0.259593679458239,25.96,1,list(list(c(-78.916602, -78.912506, -78.910982, -78.910633, -78.908254, -78.908398, -78.908731, -78.900779, -78.898778, -78.898316, -78.891541, -78.89248, -78.890783, -78.893642, -78.893431, -78.894894, -78.893178, -78.892576, -78.892324, -78.890101, -78.890467, -78.891374, -78.896058, -78.898368, -78.902501, -78.905273, -78.911502, -78.913504, -78.916602, 36.025275, 36.029039, 36.03097, 36.033465, 36.037798, 36.040031, 36.042943, 36.04289, 36.038933, 36.038394, 36.035158, 36.032657, 36.031689, 36.031285, 
36.030106, 36.029906, 36.028933, 36.021642, 36.016364, 36.016311, 36.014804, 36.015091, 36.016987, 36.017938, 36.019939, 36.020812, 36.022395, 36.023121, 36.025275)))
"23","37","063","001502","1400000US37063001502","37063001502","15.02","CT",2445314,12930,"37","063",0.153677462887989,15.37,1,list(list(c(-78.958318, -78.956604, -78.956035, -78.955343, -78.951522, -78.950085, -78.94928, -78.945553, -78.93789, -78.936182, -78.935002, -78.933145, -78.933174, -78.934186, -78.937269, -78.937302, -78.944094, -78.944657, -78.946254, -78.949133, -78.951406, -78.953322, -78.958314, -78.958884, -78.958318, 36.003347, 36.009045, 36.010636, 36.011826, 36.016097, 36.018499, 36.018166, 36.01738, 36.015899, 36.015178, 36.014217, 36.011777, 36.010651, 36.009182, 36.009218, 36.008182, 36.008719, 36.00862, 
36.007511, 36.00485, 36.003124, 35.997668, 35.998711, 35.998823, 36.003347)))
"24","37","063","001707","1400000US37063001707","37063001707","17.07","CT",16169878,217631,"37","063",0.0477064220183486,4.77,1,list(list(c(-78.987293, -78.986568, -78.986367, -78.986048, -78.985892, -78.985885, -78.985662, -78.985173, -78.984026, -78.982633, -78.981825, -78.981381, -78.978551, -78.978036, -78.974681, -78.97361, -78.973811, -78.972277, -78.97039, -78.967726, -78.961899, -78.961121, -78.961231, -78.958346, -78.95457, -78.95358, -78.946409, -78.94541, -78.94047, -78.93897, -78.936466, -78.934863, -78.934968, -78.935314, -78.935552, -78.935601, -78.935595, -78.93262, -78.938555, -78.942938, -78.946481, -78.939409, 
-78.937203, -78.935779, -78.934869, -78.936267, -78.935352, -78.935514, -78.940343, -78.942732, -78.947154, -78.950217, -78.951506, -78.953422, -78.957236, -78.957482, -78.957725, -78.956799, -78.955815, -78.95295, -78.952171, -78.953722, -78.953656, -78.951201, -78.94738, -78.948525, -78.949402, -78.950085, -78.955993, -78.960206, -78.962, -78.965228, -78.969818, -78.971965, -78.974135, -78.981657, -78.985559, -78.987354, -78.987293, 36.029702, 36.033964, 36.035145, 36.037018, 36.037939, 36.037996, 
36.039267, 36.04208, 36.048629, 36.056544, 36.056342, 36.054404, 36.054494, 36.059326, 36.059392, 36.060261, 36.06219, 36.06337, 36.063234, 36.062197, 36.062375, 36.063231, 36.066115, 36.067097, 36.0676, 36.070035, 36.06985, 36.070751, 36.070568, 36.07264, 36.072764, 36.071917, 36.071754, 36.07117, 36.070708, 36.070576, 36.069201, 36.065716, 36.064546, 36.062431, 36.06184, 36.057495, 36.057284, 36.0556, 36.054528, 36.048115, 36.044176, 36.037546, 36.03677, 36.036927, 36.038501, 36.038857, 36.039527, 
36.041968, 36.042698, 36.041344, 36.040813, 36.039957, 36.0378, 36.034003, 36.032096, 36.027023, 36.025691, 36.024849, 36.024651, 36.023429, 36.020655, 36.018499, 36.022299, 36.028668, 36.029771, 36.029967, 36.027661, 36.027077, 36.026904, 36.028162, 36.028999, 36.029355, 36.029702)))
"25","37","063","001806","1400000US37063001806","37063001806","18.06","CT",35553236,4628390,"37","063",0.095604099244876,9.56,1,list(list(c(-78.842363, -78.841668, -78.840474, -78.840552, -78.841056, -78.837774, -78.83327, -78.828228, -78.82749, -78.826509, -78.826283, -78.82533, -78.824769, -78.82374, -78.822327, -78.821333, -78.820332, -78.819141, -78.81859, -78.815382, -78.813515, -78.812506, -78.809328, -78.806413, -78.805256, -78.80352, -78.803349, -78.802679, -78.799743, -78.798992, -78.797572, -78.79375, -78.79024, -78.789712, -78.786586, -78.779114, -78.774646, -78.773429, -78.773148, -78.769704, -78.768568, -78.771856, 
-78.773595, -78.773357, -78.771128, -78.768408, -78.766401, -78.751273, -78.754284, -78.754167, -78.754117, -78.754026, -78.756427, -78.7601, -78.763768, -78.764488, -78.764321, -78.766172, -78.76518, -78.763603, -78.760254, -78.758553, -78.758403, -78.759242, -78.760664, -78.761994, -78.764195, -78.766776, -78.769426, -78.769935, -78.768932, -78.77048, -78.771502, -78.771567, -78.771943, -78.773839, -78.777583, -78.778773, -78.780645, -78.780743, -78.784288, -78.785987, -78.78739, -78.790704, -78.793138, 
-78.792713, -78.794641, -78.795401, -78.79646, -78.796547, -78.797333, -78.798392, -78.799115, -78.800116, -78.800895, -78.801249, -78.801397, -78.801794, -78.801837, -78.801927, -78.800392, -78.8053, -78.807392, -78.8079, -78.808257, -78.809716, -78.811157, -78.815013, -78.815384, -78.815758, -78.817609, -78.818388, -78.819232, -78.819713, -78.821844, -78.822926, -78.82369, -78.824055, -78.824457, -78.825423, -78.826086, -78.830499, -78.831177, -78.832546, -78.832893, -78.836159, -78.837295, -78.839296, 
-78.840876, -78.842011, -78.842363, 36.006025, 36.010807, 36.015385, 36.016296, 36.024309, 36.023998, 36.025181, 36.025247, 36.025253, 36.027006, 36.027051, 36.028551, 36.028958, 36.029304, 36.029134, 36.029134, 36.029546, 36.029496, 36.029856, 36.031766, 36.031776, 36.033693, 36.035781, 36.036935, 36.037028, 36.037233, 36.037643, 36.038506, 36.039082, 36.040554, 36.040148, 36.042163, 36.042207, 36.043272, 36.044008, 36.047961, 36.051473, 36.05257, 36.054101, 36.054752, 36.057571, 36.059828, 36.061703, 
36.06307, 36.065662, 36.068083, 36.071223, 36.070834, 36.056338, 36.052072, 36.050245, 36.047812, 36.046046, 36.04325, 36.041543, 36.04031, 36.034079, 36.032194, 36.027942, 36.02707, 36.026215, 36.025096, 36.024204, 36.020094, 36.015204, 36.013036, 36.010677, 36.006713, 35.999938, 35.993971, 35.9908, 35.987821, 35.985329, 35.985163, 35.984405, 35.982674, 35.981226, 35.980286, 35.978103, 35.976447, 35.975941, 35.975726, 35.975752, 35.976256, 35.976627, 35.977076, 35.979314, 35.980673, 35.983392, 35.983541, 
35.984364, 35.985363, 35.986709, 35.988607, 35.989629, 35.990295, 35.990946, 35.994071, 35.994411, 35.99677, 36.00197, 35.999896, 35.998161, 35.997818, 35.997577, 35.996612, 35.996033, 35.994563, 35.994875, 35.995153, 35.995681, 35.99583, 35.995999, 35.996076, 35.996173, 35.996216, 35.996285, 35.996378, 35.996547, 35.997053, 35.997265, 35.99793, 35.999535, 36.001783, 36.00229, 36.003662, 36.004098, 36.007018, 36.006361, 36.0061, 36.006025)))
"26","37","063","001604","1400000US37063001604","37063001604","16.04","CT",24678005,252965,"37","063",0.0192759755524213,1.93,1,list(list(c(-78.982633, -78.978961, -78.978732, -78.978344, -78.977704, -78.977372, -78.972766, -78.971617, -78.971445, -78.970794, -78.969254, -78.965209, -78.956492, -78.951973, -78.947735, -78.944342, -78.94216, -78.937489, -78.932633, -78.929403, -78.928877, -78.92768, -78.927849, -78.929819, -78.930069, -78.931449, -78.931446, -78.932151, -78.932713, -78.933227, -78.933722, -78.931461, -78.930645, -78.930307, -78.930569, -78.934863, -78.936466, -78.93897, -78.94047, -78.94541, -78.946409, -78.95358, 
-78.95457, -78.958346, -78.961231, -78.961121, -78.961899, -78.967726, -78.97039, -78.972277, -78.973811, -78.97361, -78.974681, -78.978036, -78.978551, -78.981381, -78.981825, -78.982633, 36.056544, 36.077239, 36.078529, 36.080751, 36.084311, 36.086272, 36.112608, 36.119456, 36.120614, 36.120507, 36.120409, 36.121269, 36.122577, 36.12226, 36.122517, 36.124129, 36.124567, 36.12135, 36.120197, 36.117797, 36.116551, 36.112533, 36.112036, 36.109437, 36.10667, 36.102263, 36.098993, 36.095731, 36.093127, 
36.090763, 36.087473, 36.082879, 36.081469, 36.080501, 36.078684, 36.071917, 36.072764, 36.07264, 36.070568, 36.070751, 36.06985, 36.070035, 36.0676, 36.067097, 36.066115, 36.063231, 36.062375, 36.062197, 36.063234, 36.06337, 36.06219, 36.060261, 36.059392, 36.059326, 36.054494, 36.054404, 36.056342, 36.056544)))
"27","37","063","001809","1400000US37063001809","37063001809","18.09","CT",12154353,131676,"37","063",0.0466462924239987,4.66,1,list(list(c(-78.867744, -78.865037, -78.863679, -78.863769, -78.863391, -78.859615, -78.856831, -78.854931, -78.854008, -78.851548, -78.85002, -78.846845, -78.846197, -78.84553, -78.84396, -78.842503, -78.841266, -78.84087, -78.837571, -78.837098, -78.831565, -78.824719, -78.825649, -78.822812, -78.822361, -78.818289, -78.813373, -78.809942, -78.806744, -78.806556, -78.805177, -78.801972, -78.80422, -78.804836, -78.804975, -78.806756, -78.809204, -78.809826, -78.810596, -78.811299, -78.812856, -78.814459, 
-78.822254, -78.827113, -78.832621, -78.836078, -78.839595, -78.843606, -78.843628, -78.84671, -78.852414, -78.852303, -78.851953, -78.851629, -78.850375, -78.852021, -78.851991, -78.851966, -78.852006, -78.852328, -78.854001, -78.855763, -78.855851, -78.856085, -78.858525, -78.859102, -78.859301, -78.861891, -78.864137, -78.864983, -78.865857, -78.867181, -78.866946, -78.867603, -78.867744, 35.94663, 35.952624, 35.955005, 35.955363, 35.956876, 35.966811, 35.963754, 35.963814, 35.964373, 35.965359, 
35.965582, 35.965608, 35.964336, 35.963084, 35.960451, 35.957996, 35.955915, 35.955247, 35.949203, 35.948792, 35.945841, 35.942193, 35.941048, 35.940245, 35.94093, 35.938668, 35.935133, 35.93267, 35.93036, 35.930224, 35.929223, 35.926972, 35.927421, 35.927552, 35.927218, 35.922925, 35.925222, 35.925647, 35.925926, 35.926018, 35.926006, 35.926008, 35.925848, 35.927133, 35.928111, 35.929516, 35.93042, 35.930648, 35.9306, 35.9241, 35.924669, 35.928893, 35.930802, 35.931913, 35.934744, 35.934793, 35.936149, 
35.937489, 35.938413, 35.93856, 35.93936, 35.939468, 35.938683, 35.936815, 35.936777, 35.938858, 35.939543, 35.939661, 35.940102, 35.940922, 35.942397, 35.943352, 35.944216, 35.945776, 35.94663)))
"28","37","063","001304","1400000US37063001304","37063001304","13.04","CT",1709176,0,"37","063",0.238639695104075,23.86,1,list(list(c(-78.918921, -78.916095, -78.915108, -78.913334, -78.908688, -78.908084, -78.906254, -78.90761, -78.905539, -78.904604, -78.903549, -78.898622, -78.895402, -78.895396, -78.897954, -78.903496, -78.90559, -78.908631, -78.910478, -78.914465, -78.917736, -78.922193, -78.918921, 35.96856, 35.967711, 35.971319, 35.973356, 35.975588, 35.97348, 35.970146, 35.965029, 35.967238, 35.96666, 35.967814, 35.966356, 35.967256, 35.966837, 35.964074, 35.962241, 35.962121, 35.962284, 35.959984, 35.960755, 
35.964352, 35.967035, 35.96856)))
"29","37","063","002021","1400000US37063002021","37063002021","20.21","CT",6034629,14053,"37","063",0.044340723453909,4.43,1,list(list(c(-78.961359, -78.957283, -78.954725, -78.951557, -78.947925, -78.945787, -78.940276, -78.93465, -78.929813, -78.925479, -78.916406, -78.916325, -78.917225, -78.923692, -78.923762, -78.925095, -78.927709, -78.929574, -78.932975, -78.934979, -78.936225, -78.937814, -78.938316, -78.940603, -78.941626, -78.942065, -78.945596, -78.948662, -78.949095, -78.951776, -78.955509, -78.958206, -78.958585, -78.958855, -78.959986, -78.961548, -78.961359, 35.918869, 35.919537, 35.918593, 35.916827, 35.912699, 
35.912162, 35.911123, 35.910681, 35.909317, 35.909422, 35.908749, 35.906969, 35.905523, 35.903105, 35.900714, 35.902073, 35.902497, 35.901377, 35.900239, 35.899494, 35.898918, 35.897931, 35.897458, 35.896617, 35.896355, 35.895455, 35.895432, 35.895351, 35.895343, 35.895209, 35.893752, 35.89344, 35.895462, 35.896904, 35.90396, 35.918566, 35.918869)))
"30","37","063","001503","1400000US37063001503","37063001503","15.03","CT",419510,0,"37","063",0.0115807759119861,1.16,1,list(list(c(-78.919594, -78.918402, -78.912356, -78.912203, -78.912493, -78.912932, -78.916442, -78.91982, -78.919594, 36.009927, 36.009875, 36.00966, 36.007912, 36.003452, 36.002325, 36.004297, 36.005943, 36.009927)))
"31","37","063","001710","1400000US37063001710","37063001710","17.10","CT",3792441,20978,"37","063",0.141193297915815,14.12,1,list(list(c(-78.926624, -78.92117, -78.921323, -78.917267, -78.914884, -78.913441, -78.911423, -78.910885, -78.908614, -78.907255, -78.904917, -78.903237, -78.903194, -78.903423, -78.903175, -78.905812, -78.905795, -78.907477, -78.909168, -78.910441, -78.916567, -78.918632, -78.919639, -78.919551, -78.919032, -78.9209, -78.926413, -78.926624, 36.059574, 36.063392, 36.066159, 36.067045, 36.06866, 36.068524, 36.071182, 36.071181, 36.072033, 36.067955, 36.064624, 36.060146, 36.059073, 36.055223, 36.047567, 
36.047458, 36.049385, 36.048031, 36.046338, 36.047092, 36.045371, 36.045734, 36.051107, 36.0547, 36.055728, 36.057294, 36.057483, 36.059574)))
"32","37","063","001603","1400000US37063001603","37063001603","16.03","CT",25699105,334015,"37","063",0.0534485283350417,5.34,1,list(list(c(-78.971445, -78.970666, -78.968828, -78.968401, -78.9675, -78.967374, -78.966694, -78.963305, -78.960803, -78.956245, -78.954078, -78.949856, -78.94919, -78.946467, -78.943879, -78.942355, -78.941078, -78.940691, -78.942473, -78.939362, -78.937863, -78.936754, -78.934643, -78.93342, -78.934085, -78.930308, -78.928642, -78.923917, -78.919377, -78.917918, -78.915976, -78.91381, -78.91242, -78.90575, -78.904704, -78.901519, -78.900713, -78.901255, -78.903316, -78.905633, -78.908619, -78.910229, 
-78.909838, -78.910058, -78.910363, -78.910565, -78.91091, -78.910974, -78.911037, -78.908614, -78.910885, -78.911423, -78.913441, -78.914884, -78.924041, -78.925927, -78.930978, -78.934863, -78.930569, -78.930307, -78.930645, -78.931461, -78.933722, -78.933227, -78.932713, -78.932151, -78.931446, -78.931449, -78.930069, -78.929819, -78.927849, -78.92768, -78.928877, -78.929403, -78.932633, -78.937489, -78.94216, -78.944342, -78.947735, -78.951973, -78.956492, -78.965209, -78.969254, -78.970794, 
-78.971445, 36.120614, 36.125018, 36.135197, 36.137509, 36.142508, 36.143223, 36.143809, 36.143988, 36.147818, 36.150925, 36.151195, 36.150022, 36.14912, 36.150031, 36.149966, 36.151055, 36.149747, 36.146953, 36.141907, 36.140914, 36.139697, 36.137714, 36.137487, 36.138163, 36.140011, 36.139963, 36.141538, 36.142663, 36.141653, 36.141533, 36.138603, 36.138195, 36.139186, 36.139011, 36.133331, 36.127589, 36.124531, 36.121743, 36.117183, 36.112103, 36.10816, 36.102527, 36.096821, 36.094932, 36.093752, 
36.092927, 36.085996, 36.084066, 36.081393, 36.072033, 36.071181, 36.071182, 36.068524, 36.06866, 36.069973, 36.070876, 36.070518, 36.071917, 36.078684, 36.080501, 36.081469, 36.082879, 36.087473, 36.090763, 36.093127, 36.095731, 36.098993, 36.102263, 36.10667, 36.109437, 36.112036, 36.112533, 36.116551, 36.117797, 36.120197, 36.12135, 36.124567, 36.124129, 36.122517, 36.12226, 36.122577, 36.121269, 36.120409, 36.120507, 36.120614)))
"33","37","063","002025","1400000US37063002025","37063002025","20.25","CT",6083581,64757,"37","063",0.0796027275422473,7.96,1,list(list(c(-78.9252, -78.922737, -78.921935, -78.921689, -78.921162, -78.920255, -78.919207, -78.913207, -78.906947, -78.901418, -78.895614, -78.892314, -78.888478, -78.888154, -78.887078, -78.889269, -78.89098, -78.891544, -78.901625, -78.902714, -78.90491, -78.908088, -78.909972, -78.910893, -78.910895, -78.92315, -78.919899, -78.921848, -78.922429, -78.921721, -78.922365, -78.925423, -78.9252, 35.941412, 35.943625, 35.945737, 35.945994, 35.945445, 35.943481, 35.942595, 35.94145, 35.939558, 35.938514, 
35.934454, 35.932206, 35.931192, 35.933608, 35.932097, 35.924716, 35.91527, 35.915293, 35.915761, 35.916491, 35.918775, 35.920832, 35.925033, 35.925649, 35.926241, 35.926561, 35.929028, 35.929694, 35.93083, 35.932645, 35.935916, 35.938285, 35.941412)))
"34","37","063","001708","1400000US37063001708","37063001708","17.08","CT",6335535,162678,"37","063",0.13860819828408,13.86,1,list(list(c(-78.908614, -78.906608, -78.902529, -78.901165, -78.899665, -78.895898, -78.895285, -78.893256, -78.891844, -78.887557, -78.886459, -78.885444, -78.881346, -78.877941, -78.876463, -78.873976, -78.872423, -78.868649, -78.868204, -78.871102, -78.869607, -78.866329, -78.866658, -78.864768, -78.862752, -78.868458, -78.868594, -78.871031, -78.879197, -78.881659, -78.883741, -78.885245, -78.896699, -78.897745, -78.903194, -78.903237, -78.904917, -78.907255, -78.908614, 36.072033, 36.073792, 
36.073044, 36.076176, 36.077256, 36.076725, 36.073106, 36.072664, 36.072608, 36.076112, 36.076801, 36.077175, 36.077735, 36.07927, 36.076288, 36.076593, 36.075735, 36.075415, 36.074286, 36.068794, 36.066494, 36.068518, 36.071223, 36.072978, 36.072633, 36.059274, 36.058954, 36.058981, 36.059024, 36.059011, 36.059005, 36.059045, 36.059228, 36.057907, 36.059073, 36.060146, 36.064624, 36.067955, 36.072033)))
"35","37","063","002024","1400000US37063002024","37063002024","20.24","CT",4349612,0,"37","063",0.0242100298695174,2.42,1,list(list(c(-78.952451, -78.948492, -78.947337, -78.944763, -78.944621, -78.943297, -78.942467, -78.942845, -78.941947, -78.939332, -78.936211, -78.934697, -78.931589, -78.929461, -78.928751, -78.92536, -78.921935, -78.922737, -78.9252, -78.925423, -78.922365, -78.921721, -78.922429, -78.921848, -78.919899, -78.92315, -78.925152, -78.926876, -78.928436, -78.930177, -78.933763, -78.936169, -78.942965, -78.944563, -78.948562, -78.952451, 35.922583, 35.923169, 35.92608, 35.927377, 35.928794, 35.932426, 
35.93236, 35.934602, 35.936266, 35.939815, 35.941804, 35.943891, 35.945919, 35.94688, 35.948034, 35.947846, 35.945737, 35.943625, 35.941412, 35.938285, 35.935916, 35.932645, 35.93083, 35.929694, 35.929028, 35.926561, 35.925136, 35.92336, 35.923911, 35.923594, 35.921301, 35.922201, 35.923889, 35.923656, 35.921755, 35.922583)))
"36","37","063","002017","1400000US37063002017","37063002017","20.17","CT",19385113,140000,"37","063",0.0201044386422977,2.01,1,list(list(c(-79.000934, -79.000856, -79.000737, -78.999803, -78.997574, -78.997394, -78.996892, -78.996612, -78.996137, -78.995578, -78.995315, -78.994309, -78.994187, -78.990693, -78.988504, -78.986656, -78.984022, -78.981789, -78.977014, -78.97494, -78.971423, -78.96739, -78.96569, -78.964293, -78.962091, -78.960706, -78.958884, -78.958314, -78.958125, -78.958086, -78.948798, -78.942454, -78.940289, -78.939283, -78.94017, -78.944074, -78.946231, -78.953161, -78.955725, -78.960513, -78.96238, -78.963518, 
-78.967723, -78.976974, -78.981505, -78.986776, -78.994459, -78.998823, -79.000252, -79.001238, -79.000934, 35.951519, 35.951987, 35.952697, 35.958042, 35.970804, 35.9718, 35.974714, 35.976318, 35.979032, 35.982235, 35.98375, 35.989508, 35.990208, 36.010234, 36.022774, 36.021079, 36.019606, 36.016242, 36.013565, 36.012756, 36.010133, 36.008386, 36.00684, 36.003882, 36.000817, 35.999586, 35.998823, 35.998711, 35.986441, 35.983832, 35.979584, 35.977584, 35.976899, 35.976424, 35.975886, 35.975409, 35.975832, 
35.974526, 35.973479, 35.974046, 35.969958, 35.968053, 35.966386, 35.961585, 35.959168, 35.956371, 35.952911, 35.950933, 35.950285, 35.949802, 35.951519)))
"37","37","063","000200","1400000US37063000200","37063000200","2","CT",3021356,0,"37","063",0.347292850732875,34.73,1,list(list(c(-78.903099, -78.901779, -78.89598, -78.895972, -78.895962, -78.896058, -78.891374, -78.890467, -78.889487, -78.877938, -78.877118, -78.875462, -78.871271, -78.869884, -78.868916, -78.867388, -78.868981, -78.876648, -78.878327, -78.878907, -78.883141, -78.886038, -78.892003, -78.893051, -78.894628, -78.903084, -78.901994, -78.903099, 36.005502, 36.007839, 36.00892, 36.010172, 36.012756, 36.016987, 36.015091, 36.014804, 36.014549, 36.013615, 36.013604, 36.013569, 36.013566, 36.013089, 36.012392, 
36.010198, 36.008752, 36.003945, 36.003637, 36.003609, 36.003744, 36.003607, 36.00323, 36.003424, 36.003789, 36.003752, 36.005492, 36.005502)))
"38","37","063","002007","1400000US37063002007","37063002007","20.07","CT",5971352,41737,"37","063",0.0238928939237899,2.39,1,list(list(c(-78.959701, -78.956776, -78.953498, -78.952317, -78.950718, -78.946098, -78.945183, -78.943728, -78.943115, -78.939664, -78.93806, -78.948607, -78.948607, -78.949681, -78.947914, -78.94764, -78.94757, -78.940257, -78.940056, -78.936652, -78.936593, -78.935064, -78.932507, -78.93242, -78.929822, -78.92885, -78.922193, -78.922407, -78.922922, -78.925588, -78.924873, -78.923777, -78.923406, -78.926636, -78.928751, -78.929461, -78.931589, -78.934697, -78.936211, -78.939332, -78.941947, -78.942845, 
-78.942467, -78.943297, -78.944621, -78.944763, -78.947337, -78.948492, -78.952451, -78.952915, -78.954725, -78.957283, -78.961359, -78.959701, 35.920247, 35.922784, 35.927591, 35.930488, 35.933299, 35.936399, 35.937298, 35.942169, 35.945067, 35.948727, 35.951251, 35.951334, 35.953865, 35.957266, 35.957884, 35.958425, 35.961126, 35.960893, 35.964946, 35.964727, 35.966086, 35.966859, 35.966803, 35.970161, 35.970763, 35.970991, 35.967035, 35.966431, 35.964091, 35.964008, 35.95905, 35.956301, 35.953016, 
35.951511, 35.948034, 35.94688, 35.945919, 35.943891, 35.941804, 35.939815, 35.936266, 35.934602, 35.93236, 35.932426, 35.928794, 35.927377, 35.92608, 35.923169, 35.922583, 35.921668, 35.918593, 35.919537, 35.918869, 35.920247)))
"39","37","063","000401","1400000US37063000401","37063000401","4.01","CT",3359304,43208,"37","063",0.0693103448275862,6.93,1,list(list(c(-78.948525, -78.94738, -78.945445, -78.937302, -78.935847, -78.93551, -78.925507, -78.922098, -78.92011, -78.916602, -78.918786, -78.917632, -78.917726, -78.917939, -78.918046, -78.919269, -78.921675, -78.934661, -78.934997, -78.945365, -78.949402, -78.948525, 36.023429, 36.024651, 36.02505, 36.028425, 36.028757, 36.02879, 36.028693, 36.028593, 36.027925, 36.025275, 36.023384, 36.022466, 36.02075, 36.017107, 36.015307, 36.015352, 36.015604, 36.016151, 36.015287, 36.018919, 36.020655, 
36.023429)))
"40","37","063","002009","1400000US37063002009","37063002009","20.09","CT",7368735,8163,"37","063",0.160134600158353,16.01,1,list(list(c(-78.926636, -78.923406, -78.923777, -78.924873, -78.925588, -78.922922, -78.922407, -78.922193, -78.917736, -78.914465, -78.910478, -78.908631, -78.90559, -78.903496, -78.897954, -78.895396, -78.895073, -78.893578, -78.89222, -78.889748, -78.885204, -78.884969, -78.883691, -78.875017, -78.873243, -78.871734, -78.870358, -78.870297, -78.871886, -78.872375, -78.87733, -78.879374, -78.891628, -78.893348, -78.898261, -78.903786, -78.903904, -78.905347, -78.908961, -78.912105, -78.91446, -78.916614, 
-78.919821, -78.921689, -78.921935, -78.92536, -78.928751, -78.926636, 35.951511, 35.953016, 35.956301, 35.95905, 35.964008, 35.964091, 35.966431, 35.967035, 35.964352, 35.960755, 35.959984, 35.962284, 35.962121, 35.962241, 35.964074, 35.966837, 35.967029, 35.969935, 35.970263, 35.969026, 35.968162, 35.974203, 35.97435, 35.974331, 35.974393, 35.973805, 35.972302, 35.969909, 35.963556, 35.9626, 35.957851, 35.957178, 35.955939, 35.955625, 35.951748, 35.949484, 35.950309, 35.952627, 35.952157, 35.951126, 
35.951007, 35.949406, 35.948376, 35.945994, 35.945737, 35.947846, 35.948034, 35.951511)))
"41","37","063","001807","1400000US37063001807","37063001807","18.07","CT",9389898,58864,"37","063",0.10930576070901,10.93,1,list(list(c(-78.850879, -78.849078, -78.847476, -78.843617, -78.841278, -78.841511, -78.843675, -78.840008, -78.838601, -78.83813, -78.836781, -78.830965, -78.830524, -78.830499, -78.826086, -78.825423, -78.824457, -78.824055, -78.82369, -78.822926, -78.821844, -78.819713, -78.819232, -78.818388, -78.817609, -78.815758, -78.815384, -78.815013, -78.811157, -78.809716, -78.808257, -78.8079, -78.807392, -78.8053, -78.800392, -78.801927, -78.801837, -78.801794, -78.801397, -78.801249, -78.800895, -78.800116, 
-78.799115, -78.798392, -78.797333, -78.796547, -78.79646, -78.795401, -78.794641, -78.792713, -78.793138, -78.794644, -78.813263, -78.821005, -78.821711, -78.82271, -78.826904, -78.829951, -78.834488, -78.835647, -78.836426, -78.837516, -78.837948, -78.838363, -78.839727, -78.845368, -78.846845, -78.85002, -78.851548, -78.850879, 35.968495, 35.969977, 35.973638, 35.974058, 35.978499, 35.981142, 35.986804, 35.985901, 35.990199, 35.992451, 35.994091, 35.995983, 35.997573, 35.99793, 35.997265, 35.997053, 
35.996547, 35.996378, 35.996285, 35.996216, 35.996173, 35.996076, 35.995999, 35.99583, 35.995681, 35.995153, 35.994875, 35.994563, 35.996033, 35.996612, 35.997577, 35.997818, 35.998161, 35.999896, 36.00197, 35.99677, 35.994411, 35.994071, 35.990946, 35.990295, 35.989629, 35.988607, 35.986709, 35.985363, 35.984364, 35.983541, 35.983392, 35.980673, 35.979314, 35.977076, 35.976627, 35.976866, 35.979596, 35.98142, 35.978408, 35.977323, 35.975485, 35.970893, 35.968073, 35.96805, 35.968089, 35.968137, 
35.968148, 35.96816, 35.968147, 35.965737, 35.965608, 35.965582, 35.965359, 35.968495)))
"42","37","063","001002","1400000US37063001002","37063001002","10.02","CT",3348807,0,"37","063",0.285786545270612,28.58,1,list(list(c(-78.880704, -78.877645, -78.878327, -78.876648, -78.868981, -78.867388, -78.86433, -78.863487, -78.863095, -78.862791, -78.862335, -78.860762, -78.863013, -78.863488, -78.863833, -78.869253, -78.868739, -78.868707, -78.871063, -78.870849, -78.873315, -78.874903, -78.878348, -78.878742, -78.878066, -78.877976, -78.880032, -78.880704, 35.998738, 36.002967, 36.003637, 36.003945, 36.008752, 36.010198, 36.005395, 36.003486, 36.001246, 35.991222, 35.987978, 35.985811, 35.981511, 35.981569, 
35.981554, 35.981585, 35.985271, 35.986563, 35.986129, 35.988617, 35.988723, 35.988883, 35.988867, 35.992451, 35.994431, 35.996251, 35.996285, 35.998738)))
"43","37","063","001801","1400000US37063001801","37063001801","18.01","CT",45788349,6424900,"37","063",0.212926433047111,21.29,1,list(list(c(-78.875563, -78.874842, -78.87389, -78.873658, -78.872448, -78.872491, -78.870132, -78.869469, -78.865855, -78.867967, -78.869473, -78.871522, -78.871581, -78.87419, -78.873789, -78.871532, -78.870358, -78.862286, -78.86145, -78.860092, -78.856, -78.853338, -78.851288, -78.849453, -78.843956, -78.843984, -78.843618, -78.840616, -78.838064, -78.836176, -78.835562, -78.837557, -78.839834, -78.842048, -78.841409, -78.837049, -78.836436, -78.834713, -78.830994, -78.828549, -78.828602, -78.827545, 
-78.824657, -78.822604, -78.822098, -78.824596, -78.824873, -78.822313, -78.820312, -78.811485, -78.810319, -78.804901, -78.803055, -78.804634, -78.807293, -78.807484, -78.797811, -78.794001, -78.792086, -78.792059, -78.790798, -78.790975, -78.792952, -78.79177, -78.78972, -78.788268, -78.784713, -78.786847, -78.788091, -78.787221, -78.785946, -78.78366, -78.782048, -78.781665, -78.779963, -78.779141, -78.777457, -78.777001, -78.776244, -78.766401, -78.768408, -78.771128, -78.773357, -78.773595, 
-78.771856, -78.768568, -78.769704, -78.773148, -78.773429, -78.774646, -78.779114, -78.786586, -78.789712, -78.79024, -78.79375, -78.797572, -78.798992, -78.799743, -78.802679, -78.803349, -78.80352, -78.805256, -78.806413, -78.809328, -78.812506, -78.813515, -78.815382, -78.81859, -78.819141, -78.820332, -78.821333, -78.822327, -78.82374, -78.824769, -78.82533, -78.826283, -78.826509, -78.82749, -78.828228, -78.83327, -78.837774, -78.841056, -78.840552, -78.840474, -78.841668, -78.842363, -78.84665, 
-78.852047, -78.856698, -78.861608, -78.862429, -78.86433, -78.867388, -78.868916, -78.869884, -78.871271, -78.875462, -78.875501, -78.875563, 36.015142, 36.019612, 36.024658, 36.025902, 36.032537, 36.033231, 36.032442, 36.033283, 36.033905, 36.034765, 36.036803, 36.037807, 36.041726, 36.04183, 36.043044, 36.04994, 36.053385, 36.065085, 36.068891, 36.071891, 36.071796, 36.070486, 36.068366, 36.070301, 36.070925, 36.071579, 36.073854, 36.075878, 36.075424, 36.075692, 36.077043, 36.079073, 36.078581, 
36.081648, 36.08221, 36.083128, 36.084389, 36.085018, 36.084922, 36.085865, 36.087307, 36.088027, 36.088609, 36.088155, 36.091264, 36.091042, 36.091718, 36.094508, 36.095226, 36.095033, 36.094851, 36.091977, 36.08956, 36.088534, 36.088336, 36.087295, 36.084612, 36.086407, 36.085319, 36.083561, 36.081708, 36.080648, 36.078256, 36.077434, 36.078853, 36.078496, 36.07637, 36.075096, 36.073702, 36.071647, 36.071514, 36.069982, 36.070518, 36.071621, 36.072306, 36.071547, 36.071504, 36.071491, 36.07147, 
36.071223, 36.068083, 36.065662, 36.06307, 36.061703, 36.059828, 36.057571, 36.054752, 36.054101, 36.05257, 36.051473, 36.047961, 36.044008, 36.043272, 36.042207, 36.042163, 36.040148, 36.040554, 36.039082, 36.038506, 36.037643, 36.037233, 36.037028, 36.036935, 36.035781, 36.033693, 36.031776, 36.031766, 36.029856, 36.029496, 36.029546, 36.029134, 36.029134, 36.029304, 36.028958, 36.028551, 36.027051, 36.027006, 36.025253, 36.025247, 36.025181, 36.023998, 36.024309, 36.016296, 36.015385, 36.010807, 
36.006025, 36.006164, 36.004551, 36.004481, 36.005453, 36.005538, 36.005395, 36.010198, 36.012392, 36.013089, 36.013566, 36.013569, 36.014214, 36.015142)))
"44","37","063","002028","1400000US37063002028","37063002028","20.28","CT",22253288,148682,"37","063",0.0905793549651995,9.06,1,list(list(c(-78.866086, -78.863248, -78.855643, -78.855238, -78.854831, -78.854539, -78.854207, -78.853698, -78.852462, -78.850605, -78.850381, -78.850442, -78.849559, -78.849868, -78.852558, -78.852634, -78.852794, -78.852741, -78.852185, -78.852127, -78.851851, -78.851661, -78.851285, -78.851123, -78.85106, -78.849831, -78.850577, -78.852502, -78.852495, -78.852414, -78.84671, -78.843628, -78.843606, -78.839595, -78.836078, -78.832621, -78.827113, -78.822254, -78.814459, -78.812856, -78.811299, 
-78.810596, -78.809826, -78.809204, -78.806756, -78.807297, -78.808304, -78.809351, -78.810556, -78.81317, -78.813854, -78.814321, -78.814822, -78.815298, -78.815952, -78.817034, -78.818025, -78.817592, -78.819145, -78.819393, -78.819514, -78.820876, -78.82275, -78.82449, -78.824614, -78.827778, -78.828175, -78.82835, -78.828458, -78.828614, -78.829349, -78.829777, -78.831675, -78.834739, -78.837149, -78.83934, -78.846029, -78.849668, -78.850423, -78.856676, -78.860262, -78.86275, -78.864741, -78.864844, 
-78.864829, -78.86373, -78.865862, -78.868073, -78.866086, 35.883626, 35.883417, 35.881934, 35.881767, 35.881703, 35.881713, 35.881626, 35.88162, 35.881504, 35.884893, 35.886706, 35.88886, 35.893374, 35.895309, 35.901712, 35.901979, 35.903562, 35.906417, 35.906394, 35.906669, 35.907791, 35.909079, 35.910535, 35.911198, 35.91675, 35.919166, 35.919177, 35.919243, 35.919916, 35.924669, 35.9241, 35.9306, 35.930648, 35.93042, 35.929516, 35.928111, 35.927133, 35.925848, 35.926008, 35.926006, 35.926018, 
35.925926, 35.925647, 35.925222, 35.922925, 35.921624, 35.919205, 35.916676, 35.913772, 35.907472, 35.905826, 35.904701, 35.903491, 35.902347, 35.900785, 35.898162, 35.89748, 35.89684, 35.893039, 35.89257, 35.892185, 35.888901, 35.88438, 35.880184, 35.879884, 35.872255, 35.871298, 35.870876, 35.870612, 35.870238, 35.868473, 35.867434, 35.867005, 35.867483, 35.867087, 35.86712, 35.867219, 35.867279, 35.867282, 35.867381, 35.867431, 35.867469, 35.867498, 35.867499, 35.8684, 35.868368, 35.875706, 35.881862, 
35.883626)))
"45","37","063","002008","1400000US37063002008","37063002008","20.08","CT",5186888,6329,"37","063",0.0417073965461062,4.17,1,list(list(c(-78.968944, -78.968754, -78.96701, -78.966199, -78.96343, -78.959993, -78.955007, -78.952514, -78.949681, -78.948607, -78.948607, -78.93806, -78.939664, -78.943115, -78.943728, -78.945183, -78.946098, -78.950718, -78.952317, -78.953498, -78.956776, -78.959701, -78.960899, -78.960888, -78.960164, -78.960607, -78.962484, -78.963769, -78.967739, -78.968879, -78.968944, 35.948403, 35.948553, 35.950406, 35.950198, 35.95076, 35.951801, 35.955925, 35.957048, 35.957266, 35.953865, 35.951334, 
35.951251, 35.948727, 35.945067, 35.942169, 35.937298, 35.936399, 35.933299, 35.930488, 35.927591, 35.922784, 35.920247, 35.921654, 35.924945, 35.929215, 35.932435, 35.936117, 35.937989, 35.945081, 35.948211, 35.948403)))
"46","37","063","000500","1400000US37063000500","37063000500","5","CT",2239844,0,"37","063",0.159311562224184,15.93,1,list(list(c(-78.934186, -78.933174, -78.933145, -78.930987, -78.929358, -78.927635, -78.91982, -78.916442, -78.912932, -78.913355, -78.915034, -78.914327, -78.914309, -78.914344, -78.915758, -78.916677, -78.918287, -78.920258, -78.9242, -78.925778, -78.923778, -78.922173, -78.919851, -78.920973, -78.924974, -78.923142, -78.924304, -78.923381, -78.925212, -78.930206, -78.929789, -78.933986, -78.933526, -78.934186, 36.009182, 36.010651, 36.011777, 36.009146, 36.008011, 36.007252, 36.005943, 36.004297, 
36.002325, 36.001776, 35.996845, 35.996858, 35.991692, 35.989256, 35.989299, 35.987217, 35.986427, 35.986396, 35.986642, 35.987813, 35.990607, 35.992057, 35.991922, 35.993596, 35.993575, 35.996938, 35.997205, 35.999996, 36.00034, 36.000047, 36.006702, 36.007867, 36.009032, 36.009182)))
"47","37","063","002019","1400000US37063002019","37063002019","20.19","CT",20478461,568051,"37","063",0.0525276461295419,5.25,1,list(list(c(-79.012074, -79.011576, -79.010619, -79.010417, -79.009535, -79.0095, -79.006778, -79.000709, -79.00021, -78.998706, -78.992979, -78.990333, -78.984146, -78.980234, -78.979768, -78.961359, -78.961548, -78.959986, -78.96501, -78.968956, -78.970421, -78.970606, -78.969941, -78.970176, -78.969271, -78.971026, -78.968128, -78.97031, -78.969107, -78.971226, -78.970334, -78.968613, -78.968369, -78.967194, -78.965661, -78.96423, -78.965599, -78.964686, -78.962363, -78.961817, -78.960446, -78.960647, 
-78.961646, -78.962343, -78.963396, -78.967486, -78.968872, -78.970404, -78.971956, -78.973396, -78.97849, -78.978246, -79.016305, -79.012074, 35.887533, 35.89045, 35.895962, 35.897129, 35.902206, 35.902401, 35.901714, 35.903361, 35.904012, 35.904499, 35.908117, 35.908899, 35.911736, 35.914282, 35.914483, 35.918869, 35.918566, 35.90396, 35.903674, 35.90387, 35.900354, 35.900024, 35.899316, 35.897651, 35.897393, 35.894799, 35.894569, 35.893789, 35.89146, 35.888926, 35.887762, 35.887075, 35.885554, 
35.885752, 35.884883, 35.883819, 35.881522, 35.877523, 35.875159, 35.876188, 35.875397, 35.873973, 35.873244, 35.871209, 35.870513, 35.869665, 35.870601, 35.869624, 35.869717, 35.867959, 35.866816, 35.864905, 35.86321, 35.887533)))
"48","37","063","002016","1400000US37063002016","37063002016","20.16","CT",2922527,5197,"37","063",0.297699849170437,29.77,1,list(list(c(-78.981505, -78.976974, -78.967723, -78.963518, -78.961431, -78.960771, -78.959416, -78.958648, -78.955092, -78.956372, -78.954754, -78.955394, -78.955007, -78.959993, -78.96343, -78.966199, -78.96701, -78.968754, -78.968944, -78.974017, -78.977489, -78.979646, -78.981505, 35.959168, 35.961585, 35.966386, 35.968053, 35.968632, 35.965207, 35.963745, 35.964553, 35.966006, 35.962557, 35.959241, 35.956386, 35.955925, 35.951801, 35.95076, 35.950198, 35.950406, 35.948553, 35.948403, 35.956863, 
35.95506, 35.958246, 35.959168)))
"49","37","063","001303","1400000US37063001303","37063001303","13.03","CT",1525503,0,"37","063",0.0800501882057716,8.01,1,list(list(c(-78.908732, -78.908653, -78.90695, -78.900618, -78.896977, -78.893036, -78.893334, -78.894584, -78.893578, -78.895073, -78.895396, -78.895402, -78.898622, -78.903549, -78.904604, -78.905539, -78.90761, -78.906254, -78.908084, -78.908688, -78.908732, 35.979004, 35.979625, 35.980315, 35.977388, 35.977396, 35.976269, 35.975491, 35.971817, 35.969935, 35.967029, 35.966837, 35.967256, 35.966356, 35.967814, 35.96666, 35.967238, 35.965029, 35.970146, 35.97348, 35.975588, 35.979004)))
"50","37","063","000700","1400000US37063000700","37063000700","7","CT",3368056,0,"37","063",0.0616512764801738,6.17,1,list(list(c(-78.926167, -78.924382, -78.920783, -78.9203, -78.920258, -78.918287, -78.916677, -78.915758, -78.914344, -78.914309, -78.914327, -78.915034, -78.913355, -78.911147, -78.902509, -78.905675, -78.90674, -78.909064, -78.908897, -78.908362, -78.908653, -78.908732, -78.908688, -78.913334, -78.915108, -78.916095, -78.918921, -78.922193, -78.92885, -78.926167, 35.971748, 35.974262, 35.976434, 35.98462, 35.986396, 35.986427, 35.987217, 35.989299, 35.989256, 35.991692, 35.996858, 35.996845, 36.001776, 
35.999714, 35.994879, 35.991234, 35.989219, 35.98449, 35.9838, 35.98225, 35.979625, 35.979004, 35.975588, 35.973356, 35.971319, 35.967711, 35.96856, 35.967035, 35.970991, 35.971748)))
"51","37","063","001100","1400000US37063001100","37063001100","11","CT",1396022,0,"37","063",0.224002513352183,22.4,1,list(list(c(-78.897105, -78.8957, -78.893705, -78.896846, -78.894407, -78.89185, -78.891965, -78.889438, -78.889587, -78.885936, -78.885963, -78.886215, -78.884932, -78.886093, -78.882752, -78.882646, -78.88266, -78.883694, -78.88947, -78.892493, -78.895076, -78.895922, -78.897197, -78.897105, 35.990511, 35.992157, 35.994493, 35.995568, 35.99857, 35.998573, 35.997469, 35.997369, 35.99586, 35.995799, 35.994521, 35.990412, 35.989933, 35.987944, 35.98666, 35.985357, 35.984173, 35.981694, 35.984132, 
35.985405, 35.98686, 35.987814, 35.990446, 35.990511)))
"52","37","063","001400","1400000US37063001400","37063001400","14","CT",1896966,0,"37","063",0.184397163120567,18.44,1,list(list(c(-78.894584, -78.893334, -78.893036, -78.891812, -78.893579, -78.893379, -78.892493, -78.88947, -78.883694, -78.876007, -78.873276, -78.872101, -78.870917, -78.870358, -78.871734, -78.873243, -78.875017, -78.883691, -78.884969, -78.885204, -78.889748, -78.89222, -78.893578, -78.894584, 35.971817, 35.975491, 35.976269, 35.979414, 35.979921, 35.983877, 35.985405, 35.984132, 35.981694, 35.978457, 35.976669, 35.975613, 35.973866, 35.972302, 35.973805, 35.974393, 35.974331, 35.97435, 35.974203, 
35.968162, 35.969026, 35.970263, 35.969935, 35.971817)))
"53","37","063","000301","1400000US37063000301","37063000301","3.01","CT",1427856,0,"37","063",0.120117597648047,12.01,1,list(list(c(-78.918786, -78.916602, -78.913504, -78.911502, -78.905273, -78.902501, -78.898368, -78.901012, -78.905446, -78.910669, -78.910909, -78.911087, -78.912356, -78.918402, -78.918167, -78.918046, -78.917939, -78.917726, -78.917632, -78.918786, 36.023384, 36.025275, 36.023121, 36.022395, 36.020812, 36.019939, 36.017938, 36.016894, 36.016901, 36.01689, 36.013213, 36.00994, 36.00966, 36.009875, 36.0135, 36.015307, 36.017107, 36.02075, 36.022466, 36.023384)))
"54","37","063","002200","1400000US37063002200","37063002200","22","CT",1538433,0,"37","063",0.112864658058345,11.29,1,list(list(c(-78.912932, -78.912493, -78.911167, -78.908279, -78.908273, -78.903807, -78.903099, -78.901994, -78.903084, -78.894628, -78.893051, -78.894407, -78.896846, -78.893705, -78.8957, -78.897105, -78.897197, -78.898886, -78.902509, -78.911147, -78.913355, -78.912932, 36.002325, 36.003452, 36.003438, 36.003423, 36.004461, 36.004448, 36.005502, 36.005492, 36.003752, 36.003789, 36.003424, 35.99857, 35.995568, 35.994493, 35.992157, 35.990511, 35.990446, 35.992594, 35.994879, 35.999714, 36.001776, 
36.002325)))
"55","37","063","002013","1400000US37063002013","37063002013","20.13","CT",5277374,119976,"37","063",0.0701004488138491,7.01,1,list(list(c(-78.923692, -78.917225, -78.911368, -78.907341, -78.900904, -78.90198, -78.900867, -78.901515, -78.899693, -78.899511, -78.901707, -78.900194, -78.899763, -78.898718, -78.900116, -78.898112, -78.895992, -78.897417, -78.897985, -78.898681, -78.898809, -78.899309, -78.899235, -78.899694, -78.900012, -78.900599, -78.900794, -78.90122, -78.904264, -78.906067, -78.908575, -78.90946, -78.911384, -78.913191, -78.914701, -78.915066, -78.915423, -78.915708, -78.915945, -78.91643, -78.9169, -78.918733, 
-78.923674, -78.923762, -78.923692, 35.903105, 35.905523, 35.90376, 35.902712, 35.90268, 35.898013, 35.895403, 35.894013, 35.893085, 35.891453, 35.88902, 35.888344, 35.886646, 35.884975, 35.882668, 35.881811, 35.881645, 35.880036, 35.877932, 35.877399, 35.877097, 35.876894, 35.876564, 35.876641, 35.876092, 35.876054, 35.876197, 35.876928, 35.875242, 35.875693, 35.874527, 35.873161, 35.872302, 35.872431, 35.875458, 35.878995, 35.882992, 35.883984, 35.88475, 35.890296, 35.891096, 35.892082, 35.896683, 
35.900714, 35.903105)))
"56","37","063","002022","1400000US37063002022","37063002022","20.22","CT",2560627,37677,"37","063",0.0857024278896037,8.57,1,list(list(c(-78.9311, -78.926876, -78.925152, -78.92315, -78.910895, -78.910893, -78.912909, -78.915866, -78.917076, -78.917455, -78.916406, -78.925479, -78.929813, -78.93465, -78.9311, 35.917389, 35.92336, 35.925136, 35.926561, 35.926241, 35.925649, 35.923139, 35.917334, 35.916121, 35.915279, 35.908749, 35.909422, 35.909317, 35.910681, 35.917389)))
"57","37","063","001709","1400000US37063001709","37063001709","17.09","CT",8260607,19507,"37","063",0.156662837449742,15.67,1,list(list(c(-78.903194, -78.897745, -78.896699, -78.885245, -78.883741, -78.881659, -78.879197, -78.871031, -78.868594, -78.868458, -78.862752, -78.860786, -78.860092, -78.86145, -78.862286, -78.870358, -78.871532, -78.873789, -78.87419, -78.871581, -78.871522, -78.869473, -78.867967, -78.865855, -78.869469, -78.870132, -78.872491, -78.872448, -78.873658, -78.878939, -78.877871, -78.878008, -78.883697, -78.883509, -78.887549, -78.887533, -78.891541, -78.898316, -78.898778, -78.900779, -78.902504, 
-78.903175, -78.903423, -78.903194, 36.059073, 36.057907, 36.059228, 36.059045, 36.059005, 36.059011, 36.059024, 36.058981, 36.058954, 36.059274, 36.072633, 36.071925, 36.071891, 36.068891, 36.065085, 36.053385, 36.04994, 36.043044, 36.04183, 36.041726, 36.037807, 36.036803, 36.034765, 36.033905, 36.033283, 36.032442, 36.033231, 36.032537, 36.025902, 36.02817, 36.02997, 36.033423, 36.033971, 36.035239, 36.035403, 36.036524, 36.035158, 36.038394, 36.038933, 36.04289, 36.045626, 36.047567, 36.055223, 
36.059073)))
"58","37","063","001802","1400000US37063001802","37063001802","18.02","CT",9171153,101681,"37","063",0.29011205516562,29.01,1,list(list(c(-78.868525, -78.865883, -78.864692, -78.863013, -78.860762, -78.862335, -78.862791, -78.863095, -78.863487, -78.86433, -78.862429, -78.861608, -78.856698, -78.852047, -78.84665, -78.842363, -78.842011, -78.840876, -78.839296, -78.837295, -78.836159, -78.832893, -78.832546, -78.831177, -78.830499, -78.830524, -78.830965, -78.836781, -78.83813, -78.838601, -78.840008, -78.843675, -78.841511, -78.841278, -78.843617, -78.847476, -78.849078, -78.850879, -78.851548, -78.854008, -78.854931, 
-78.856831, -78.859615, -78.861281, -78.865768, -78.865744, -78.866839, -78.867492, -78.86916, -78.868525, 35.977702, 35.978858, 35.9796, 35.981511, 35.985811, 35.987978, 35.991222, 36.001246, 36.003486, 36.005395, 36.005538, 36.005453, 36.004481, 36.004551, 36.006164, 36.006025, 36.0061, 36.006361, 36.007018, 36.004098, 36.003662, 36.00229, 36.001783, 35.999535, 35.99793, 35.997573, 35.995983, 35.994091, 35.992451, 35.990199, 35.985901, 35.986804, 35.981142, 35.978499, 35.974058, 35.973638, 35.969977, 
35.968495, 35.965359, 35.964373, 35.963814, 35.963754, 35.966811, 35.968816, 35.971908, 35.972187, 35.97252, 35.972967, 35.975474, 35.977702)))
"59","37","063","001808","1400000US37063001808","37063001808","18.08","CT",18024286,223666,"37","063",0.0482367637167291,4.82,1,list(list(c(-78.846845, -78.845368, -78.839727, -78.838363, -78.837948, -78.837516, -78.836426, -78.835647, -78.834488, -78.829951, -78.826904, -78.82271, -78.821711, -78.821005, -78.813263, -78.794644, -78.793138, -78.790704, -78.78739, -78.785987, -78.785183, -78.784961, -78.784653, -78.782828, -78.78259, -78.784589, -78.785216, -78.786422, -78.788529, -78.79052, -78.791525, -78.792014, -78.792632, -78.792976, -78.792799, -78.792806, -78.793024, -78.793567, -78.793663, -78.794171, -78.794213, -78.794148, 
-78.793862, -78.793518, -78.792999, -78.794314, -78.795253, -78.799516, -78.801464, -78.802515, -78.805751, -78.813373, -78.818289, -78.822361, -78.822812, -78.825649, -78.824719, -78.831565, -78.837098, -78.837571, -78.84087, -78.841266, -78.842503, -78.84396, -78.84553, -78.846197, -78.846845, 35.965608, 35.965737, 35.968147, 35.96816, 35.968148, 35.968137, 35.968089, 35.96805, 35.968073, 35.970893, 35.975485, 35.977323, 35.978408, 35.98142, 35.979596, 35.976866, 35.976627, 35.976256, 35.975752, 
35.975726, 35.97451, 35.974151, 35.969274, 35.965854, 35.962785, 35.962054, 35.961877, 35.961539, 35.960765, 35.959889, 35.958814, 35.958183, 35.957356, 35.95638, 35.954497, 35.95394, 35.953123, 35.951515, 35.951289, 35.949979, 35.949637, 35.949154, 35.94861, 35.948071, 35.946638, 35.943033, 35.940668, 35.94039, 35.937806, 35.937455, 35.937636, 35.935133, 35.938668, 35.94093, 35.940245, 35.941048, 35.942193, 35.945841, 35.948792, 35.949203, 35.955247, 35.955915, 35.957996, 35.960451, 35.963084, 35.964336, 
35.965608)))
