"","state","county","tract","healthcare_adjusted"
"1","37","149","920303",0.10765306122449
"2","37","149","920304",0.0691340782122905
"3","37","151","030503",0.147663211492999
"4","37","151","030504",0.116711319490958
"5","37","151","031303",0.0995651178759441
"6","37","151","031304",0.148863407765037
"7","37","151","031305",0.125712734184089
"8","37","151","031306",0.141349906055788
"9","37","151","031504",0.0754233950374163
"10","37","151","031505",0.0678484107579462
"11","37","155","960101",0.142129517341741
"12","37","155","960102",0.135909001765052
"13","37","013","930900",0.0872701885036072
"14","37","013","931000",0.128835341365462
"15","37","019","020101",0.204776820673453
"16","37","019","020102",0.132472040107983
"17","37","019","020103",0.0537574196438571
"18","37","019","020104",0.133768913342503
"19","37","019","020201",0.110429447852761
"20","37","019","020202",0.0354883671062507
"21","37","019","020203",0.120451237263464
"22","37","019","020204",0.117277639842267
"23","37","019","020303",0.0563415239513527
"24","37","019","020304",0.0520561560442291
"25","37","019","020305",0.073345259391771
"26","37","019","020306",0.063682510383018
"27","37","019","020307",0
"28","37","019","020308",0.0965189873417722
"29","37","019","020309",0.0653638814016173
"30","37","019","020310",0.0646417445482866
"31","37","019","020403",0.198275862068966
"32","37","019","020404",0.129285714285714
"33","37","019","020405",0.198671497584541
"34","37","189","920200",0.172935888336882
"35","37","189","920300",0.069204152249135
"36","37","189","920400",0.0613496932515337
"37","37","189","920500",0.0149132321041215
"38","37","189","920601",0.103912561381277
"39","37","189","920602",0.0664972469292673
"40","37","189","920701",0.114339268978444
"41","37","189","920702",0.0859399684044234
"42","37","189","920703",0.0902011680726801
"43","37","189","920800",0.0685154975530179
"44","37","071","033204",0.18259143748228
"45","37","071","033303",0.0453570334048422
"46","37","071","033304",0.0209778379292844
"47","37","071","033305",0.112119097464527
"48","37","071","033306",0.0528662420382166
"49","37","071","033307",0.0792031098153547
"50","37","071","033500",0.120008191685439
"51","37","075","920100",0.151527016444792
"52","37","075","920200",0.145859085290482
"53","37","075","920300",0.185374149659864
"54","37","077","970101",0.0557834290401969
"55","37","077","970102",0.108379888268156
"56","37","077","970601",0.104914411927112
"57","37","077","970602",0.0716707587980825
"58","37","077","970603",0.0516886930983847
"59","37","077","970701",0.0693377241126967
"60","37","077","970702",0.188910133843212
"61","37","077","970703",0.0788334472544999
"62","37","077","970704",0
"63","37","079","950101",0.231617647058824
"64","37","079","950102",0.079249617151608
"65","37","125","950402",0.181618819776715
"66","37","125","950601",0.0164447924823806
"67","37","125","950602",0.0337837837837838
"68","37","125","950701",0.0482167762502491
"69","37","125","950702",0.0710421925712225
"70","37","125","950801",0.141360294117647
"71","37","125","950802",0.0403551251008878
"72","37","127","010601",0.123788217747949
"73","37","119","003204",0.0612073784237004
"74","37","119","003805",0.104192740926158
"75","37","119","003806",0.161204150827083
"76","37","057","060500",0.0833184974185508
"77","37","057","061000",0.127172357391127
"78","37","057","061500",0.134569662387066
"79","37","057","060700",0.203697244506453
"80","37","057","061100",0.0940931202223766
"81","37","063","000600",0.169331395348837
"82","37","063","001304",0.238639695104075
"83","37","063","001710",0.141193297915815
"84","37","063","001711",0.251063829787234
"85","37","063","001801",0.212926433047111
"86","37","063","001900",0.0267089180624717
"87","37","063","002007",0.0238928939237899
"88","37","063","000101",0.128888888888889
"89","37","089","930702",0.0674871794871795
"90","37","089","930703",0.0434707607383129
"91","37","089","931802",0.0976241900647948
"92","37","089","931901",0.0779990516832622
"93","37","089","931902",0.0900163666121113
"94","37","089","932000",0.0853146853146853
"95","37","089","980100",NA
"96","37","093","970201",0.117080685538225
"97","37","091","950401",0.0803722504230118
"98","37","091","950402",0.141307224133369
"99","37","093","970101",0.116921324855272
"100","37","093","970102",0.110344827586207
"101","37","093","970103",0.0713789912077742
"102","37","093","970202",0.165482954545455
"103","37","093","970401",0.206952743074416
"104","37","093","970402",0.220030816640986
"105","37","093","980100",NA
"106","37","095","920100",0.154805294456167
"107","37","095","990100",NA
"108","37","095","990200",NA
"109","37","097","060601",0.0612061206120612
"110","37","097","060602",0.0973105134474328
"111","37","097","060603",0.231263383297645
"112","37","097","060701",0.156481121058778
"113","37","097","060702",0.136393586646167
"114","37","097","060703",0.127772848269743
"115","37","097","060801",0.170513560300058
"116","37","189","920900",0.137907912382655
"117","37","189","921000",0.0384615384615385
"118","37","101","041201",0.141825186612088
"119","37","101","041202",0.230681167716085
"120","37","101","041501",0.0566881494147047
"121","37","101","041502",0.0827256425582785
"122","37","101","041503",0.104268803061102
"123","37","103","920100",0.136520737327189
"124","37","103","920200",0.147313691507799
"125","37","103","920300",0.18628359592215
"126","37","105","030101",0.18287795992714
"127","37","105","030102",0.0514035727305869
"128","37","105","030401",0.204437796060833
"129","37","105","030402",0.165534691703289
"130","37","105","030501",0.081714527027027
"131","37","105","030502",0.23405299313052
"132","37","105","030503",0.157021393307735
"133","37","023","020201",0.194047980564834
"134","37","023","020802",0.168589924007881
"135","37","023","020600",0.1404988336623
"136","37","023","021100",0.0846666666666667
"137","37","023","020100",0.100046317739694
"138","37","023","021201",0.138023630504834
"139","37","023","020202",0.101136901942207
"140","37","023","020301",0.0939137444578799
"141","37","023","020302",0.0872619208429015
"142","37","023","021000",0.0980276134122288
"143","37","023","021202",0.106128246753247
"144","37","023","021203",0.110349554489376
"145","37","023","021302",0.184817518248175
"146","37","023","020801",0.0808136338647609
"147","37","023","020500",0.20333569907736
"148","37","023","021301",0.0880792359391581
"149","37","081","015800",0.0382488479262673
"150","37","081","016101",0.0438417618270799
"151","37","081","010300",0.160754716981132
"152","37","185","950400",0.121668909825034
"153","37","185","950200",0.0787753697970416
"154","37","185","950300",0.19933946685539
"155","37","195","000801",0.25
"156","37","195","001000",0.10655737704918
"157","37","195","001100",0.186046511627907
"158","37","195","000100",0.192638997650744
"159","37","195","000200",0.207749381698269
"160","37","195","000700",0.0984957758087781
"161","37","195","000900",0.104384133611691
"162","37","195","000600",0.140007671653241
"163","37","195","001200",0.0886841347538151
"164","37","195","001300",0.0547920433996383
"165","37","195","000802",0.244158571803623
"166","37","195","001600",0.167573761099971
"167","37","195","001700",0.160010111223458
"168","37","195","000400",0.112178717271199
"169","37","195","001400",0.0586294956373697
"170","37","121","950200",0.113857261871702
"171","37","121","950100",0.151035322777101
"172","37","121","950400",0.0677893839266681
"173","37","067","001300",0.0544779199339662
"174","37","067","001800",0.210538532961931
"175","37","067","002100",0.125566636446056
"176","37","067","002200",0.0241066364152014
"177","37","067","003402",0.0713682432432432
"178","37","067","003904",0.0714632174616006
"179","37","067","003906",0.0537786583639966
"180","37","067","000500",0.236019374724791
"181","37","067","003803",0.079014598540146
"182","37","067","004009",0.0178226325960919
"183","37","067","000801",0.0870844365989997
"184","37","067","000100",0.0504310344827586
"185","37","067","000600",0.171757414785303
"186","37","067","002501",0.00421294523171199
"187","37","183","054110",0.0861532660948252
"188","37","183","054111",0.175735590487707
"189","37","183","054112",0.125170068027211
"190","37","155","960801",0.104713603818616
"191","37","155","960802",0.0989830508474576
"192","37","155","961301",0.0429752066115702
"193","37","155","961302",0.132633078155599
"194","37","155","961601",0.132854161836309
"195","37","155","961602",0.122332506203474
"196","37","155","961801",0.129242131176367
"197","37","155","961802",0.143226282761166
"198","37","155","962001",0.13063320022818
"199","37","155","962002",0.183987915407855
"200","37","159","050903",0.0470135519491384
"201","37","179","020203",0.0169204737732657
"202","37","179","020204",0.0737743931461209
"203","37","179","020305",0.0529199711607787
"204","37","179","020307",0.0557511737089202
"205","37","179","020308",0.0744480575047065
"206","37","179","020309",0.03791030975497
"207","37","179","020310",0.0879192445457506
"208","37","179","020311",0.0832503733200597
"209","37","179","020312",0.126256006989952
"210","37","179","020313",0.174154701250579
"211","37","179","020316",0.0735949098621421
"212","37","179","020317",0.0377216711752329
"213","37","179","020403",0.144102019128587
"214","37","179","020314",0.0472042139384117
"215","37","179","020315",0.0278619018776499
"216","37","179","020404",0.270541648988828
"217","37","179","020501",0.136849737176001
"218","37","179","020502",0.22275006598047
"219","37","179","020601",0.257815671944783
"220","37","179","020602",0.229783827061649
"221","37","179","020701",0.0842931937172775
"222","37","179","020702",0.134314190792596
"223","37","179","021004",0.038154649644567
"224","37","067","002502",0.0144877543980683
"225","37","067","000900",0.172013443324167
"226","37","067","001602",0.194259205566831
"227","37","067","002002",0.210366694237662
"228","37","067","002701",0.255074626865672
"229","37","067","002702",0.159182984469953
"230","37","071","031004",0.0342877341816896
"231","37","071","031101",0.160661157024793
"232","37","071","031102",0.112910689495604
"233","37","071","031201",0.124496837262795
"234","37","173","960200",0.179128738621586
"235","37","183","050600",0.0921810699588477
"236","37","183","051400",0.0366619404496658
"237","37","183","052102",0.196408045977012
"238","37","183","052602",0.0474569057246223
"239","37","183","052802",0.103242581829306
"240","37","183","053405",0.0169348010160881
"241","37","183","053506",0.0594113372093023
"242","37","183","053509",0.0446511627906977
"243","37","183","053711",0.0385929648241206
"244","37","081","013700",0.0781966377992868
"245","37","081","014503",0.167495854063018
"246","37","081","015100",0.0603429563707402
"247","37","081","016102",0.258355060440863
"248","37","081","017200",0.0507174666006927
"249","37","081","010601",0.132061354283577
"250","37","081","012610",0.134757834757835
"251","37","081","016003",0.0619654058163847
"252","37","099","950500",0.0864110266831596
"253","37","099","950600",0.0707335329341317
"254","37","099","950300",0.137947725072604
"255","37","099","950800",0.222816399286988
"256","37","099","950200",0.129223744292237
"257","37","099","950400",0.0935267373890453
"258","37","099","950700",0.113426716774855
"259","37","099","950900",0.112765957446809
"260","37","125","950200",0.161345149933228
"261","37","125","950501",0.0706926159129937
"262","37","125","950900",0.222310126582278
"263","37","125","951200",0.112587810898044
"264","37","179","021010",0.0176
"265","37","179","021011",0.0874380647041679
"266","37","179","021012",0.0508187464709204
"267","37","179","021013",0.0417165327406394
"268","37","027","030600",0.103375079600934
"269","37","027","030900",0.0685835995740149
"270","37","027","031100",0.0959548447789276
"271","37","027","031000",0.112213267203968
"272","37","027","030200",0.116935483870968
"273","37","035","010304",0.117239839213935
"274","37","117","970300",0.0495495495495495
"275","37","117","970500",0.104975499434602
"276","37","117","970200",0.14033290653009
"277","37","117","970400",0.0974677496416627
"278","37","119","005833",0.0306296086216676
"279","37","119","005841",0.031424375917768
"280","37","119","005842",0.0136549840691853
"281","37","119","005843",0.0155376009944065
"282","37","119","005844",0.0297425913908717
"283","37","119","005845",0.0398379473328832
"284","37","119","005846",0.00840336134453781
"285","37","119","005847",0.0299548625359048
"286","37","119","005848",0.0341506129597198
"287","37","119","005908",0.0427672955974843
"288","37","119","005910",0.115763945028294
"289","37","025","042200",0.058024341919049
"290","37","025","042300",0.140755272192251
"291","37","025","041100",0.0711264295785681
"292","37","025","042000",0.112023460410557
"293","37","025","040800",0.131648936170213
"294","37","025","040900",0.126310534198702
"295","37","025","040500",0.0791195716835217
"296","37","025","041000",0.139164669633687
"297","37","025","041200",0.045387828835949
"298","37","059","080300",0.0840186708157368
"299","37","059","080500",0.101186623516721
"300","37","059","080200",0.0569090570950344
"301","37","059","080100",0.145421903052065
"302","37","067","002604",0.0522410660205936
"303","37","067","002801",0.0854503464203233
"304","37","067","002804",0.0783421178725443
"305","37","067","003308",0.0511479881791316
"306","37","067","003804",0.0948739148408433
"307","37","067","004007",0.0273432688754773
"308","37","067","002901",0.152950955943475
"309","37","021","002803",0.130101512326497
"310","37","021","002804",0.0837599836166291
"311","37","021","003103",0.118114406779661
"312","37","021","003104",0.0736858332048713
"313","37","021","003201",0.0968129885748647
"314","37","021","003202",0.0580597746202842
"315","37","021","003203",0.0498787668860409
"316","37","021","003204",0.122302158273381
"317","37","021","003205",0.0618153364632238
"318","37","023","021400",0.152091254752852
"319","37","025","040701",0.121484141232795
"320","37","157","041601",0.0789078907890789
"321","37","157","041602",0.0858257477243173
"322","37","159","050904",0.0885352917176663
"323","37","159","051201",0.0767418377650623
"324","37","159","051301",0.0673033196907685
"325","37","159","051501",0.19109086307264
"326","37","159","051502",0.106104651162791
"327","37","159","051801",0.151950718685832
"328","37","159","051802",0.131027027027027
"329","37","159","052000",0.129902994517081
"330","37","163","970301",0.166858837094383
"331","37","067","002807",0.0901499335737332
"332","37","067","003103",0.0981145890536335
"333","37","067","003307",0.0697732997481108
"334","37","067","003903",0.11017325633052
"335","37","067","001200",0.0145655449522853
"336","37","067","000200",0.30286241920591
"337","37","067","000802",0.137223974763407
"338","37","067","001000",0.148094197620782
"339","37","067","001100",0.139838647714176
"340","37","183","050100",0.0496353799106093
"341","37","183","051000",0.0454192546583851
"342","37","183","051200",0.058480749219563
"343","37","183","052503",0.0873676781933663
"344","37","183","052705",0.106048387096774
"345","37","183","052803",0.101043564684446
"346","37","183","053712",0.0186666666666667
"347","37","183","054301",0.137439272841247
"348","37","183","050400",0.0278728606356968
"349","37","183","050900",0.174130911368619
"350","37","183","051600",0.0293338765532695
"351","37","183","052001",0.198935924126764
"352","37","019","020504",0.0220048899755501
"353","37","019","020505",0.178603202846975
"354","37","019","020506",0.0575485799701046
"355","37","019","020507",0.0501374525461448
"356","37","019","020508",0.0140374331550802
"357","37","019","020509",0.0896934787080848
"358","37","019","020510",0.0750367827366356
"359","37","019","020511",0.111940298507463
"360","37","019","020512",0.0171673819742489
"361","37","019","020601",0.154372150849565
"362","37","019","020602",0.147824470063221
"363","37","019","020603",0.131571042355062
"364","37","179","021005",0.0939016670183583
"365","37","179","021006",0.0310356652949246
"366","37","179","021007",0.0362092087617345
"367","37","179","021008",0.0136061177872679
"368","37","179","021009",0.0295230885692657
"369","37","133","000700",0.00317416505658294
"370","37","133","001700",0.166821994408201
"371","37","133","001800",0.107275624004249
"372","37","135","011102",0.074583524377197
"373","37","135","011202",0.082660797260944
"374","37","135","011800",0.100662669611865
"375","37","163","970302",0.157570093457944
"376","37","165","010101",0.0870967741935484
"377","37","161","961101",0.122399445214979
"378","37","161","961102",0.0951354679802956
"379","37","165","010102",0.105122402797778
"380","37","167","930101",0.0819983136593592
"381","37","167","930102",0.129149377593361
"382","37","167","930200",0.0502467474203679
"383","37","167","930300",0.169114163903363
"384","37","081","014410",0.0548189699133095
"385","37","081","010800",0.0494733482285349
"386","37","081","012511",0.00103928497193931
"387","37","081","014411",0.102355673523557
"388","37","081","012510",0.0264260393167902
"389","37","081","014409",0.0948499444238607
"390","37","081","014412",0.0796035805626598
"391","37","081","016010",0.0705837466615795
"392","37","081","016011",0.0632153548159887
"393","37","081","016103",0.0902008310249307
"394","37","081","016203",0.0696679568140151
"395","37","081","016204",0.0786246167323697
"396","37","081","016205",0.0263783269961977
"397","37","081","016303",0.0337461300309598
"398","37","081","016304",0.0281879194630872
"399","37","183","053707",0.102553251516434
"400","37","183","053709",0.0648578061520604
"401","37","183","054302",0.147536884221055
"402","37","183","054402",0.0456707897240723
"403","37","183","051800",0.027175104098181
"404","37","183","052404",0.0857263513513514
"405","37","183","052601",0.0178885630498534
"406","37","183","050500",0.0956639566395664
"407","37","183","051501",0.00943396226415094
"408","37","179","021014",0.0694444444444444
"409","37","179","021015",0.126036819745094
"410","37","183","051101",0.049039716576543
"411","37","183","052406",0.173438124417211
"412","37","183","052407",0.123281286413423
"413","37","127","010602",0.0744081172491545
"414","37","127","011101",0.0450699892324258
"415","37","127","011102",0.0674006444683136
"416","37","129","011605",0.0651121076233184
"417","37","129","011608",0.0716139868682241
"418","37","129","011606",0.173913043478261
"419","37","129","011607",0.0922190201729107
"420","37","129","011705",0.0509876926259179
"421","37","129","011903",0.0685341601625147
"422","37","119","002903",0.00427655024946543
"423","37","119","002003",0.127676833225178
"424","37","119","001504",0.218299711815562
"425","37","119","000600",0.0290344361917623
"426","37","119","001505",0.213068975146607
"427","37","119","002002",0.0586245772266065
"428","37","081","011102",0.165693430656934
"429","37","081","011200",0.062986905353887
"430","37","081","011300",0.155059132720105
"431","37","081","011400",0.144007858546169
"432","37","081","010100",0.149214659685864
"433","37","081","010602",0.0588785046728972
"434","37","081","010701",0.0641613198900092
"435","37","081","011000",0.0750822067957618
"436","37","081","011601",0.176447105788423
"437","37","081","012607",0.131328511610202
"438","37","081","012612",0.125881168177241
"439","37","081","012704",0.106864274570983
"440","37","081","012705",0.0790916209866876
"441","37","081","012803",0.126504602312957
"442","37","081","014502",0.149940968122786
"443","37","081","015200",0.0905082129864403
"444","37","081","015500",0.120514354066986
"445","37","081","015600",0.035969196093163
"446","37","081","017000",0.0833155308694723
"447","37","081","010401",0.123038292529818
"448","37","081","012601",0.129772121929565
"449","37","081","012611",0.147801920161698
"450","37","081","012804",0.0894235133908307
"451","37","067","001901",0.23818407960199
"452","37","067","002001",0.134843982169391
"453","37","067","002601",0.0187677053824363
"454","37","067","002703",0.156080136667184
"455","37","067","003905",0.084189497716895
"456","37","067","004005",0.0202879581151832
"457","37","067","001902",0.235478806907378
"458","37","067","003600",0.167487684729064
"459","37","067","000700",0.163092046470063
"460","37","067","003500",0.163119629874422
"461","37","067","000302",0.133893919793014
"462","37","127","010504",0.0477396021699819
"463","37","127","010300",0.0532260824918706
"464","37","127","010502",0.0706638115631692
"465","37","127","010800",0.0686816893806504
"466","37","127","011000",0.150754793961648
"467","37","127","011300",0.128820116054159
"468","37","127","010700",0.151289009497965
"469","37","127","011200",0.0689018763457398
"470","37","127","010200",0.140858658948384
"471","37","127","010503",0.0481032459913962
"472","37","127","010900",0.131010705861005
"473","37","069","060600",0.110978260869565
"474","37","069","060200",0.0893628509719222
"475","37","069","060700",0.121733687998748
"476","37","101","041300",0.159027991387265
"477","37","101","040500",0.13547130226285
"478","37","101","040100",0.18601747815231
"479","37","101","040400",0.146766169154229
"480","37","051","001100",0.103783231083845
"481","37","051","001200",0.119278510473235
"482","37","051","001601",0.137783138989412
"483","37","051","002800",0.124183006535948
"484","37","051","003600",0.12532252119425
"485","37","051","003201",0.0436426658263747
"486","37","051","000800",0.0700447093889717
"487","37","051","001000",0.0907668231611894
"488","37","051","001500",0.145903859174001
"489","37","051","002100",0.13024225058609
"490","37","051","002503",0.0641711229946524
"491","37","051","003309",0.0777574091047968
"492","37","117","970100",0.0694321206743567
"493","37","117","970600",0.144345694146491
"494","37","115","010700",0.0551132884262094
"495","37","115","010200",0.095632183908046
"496","37","115","010100",0.113200156678418
"497","37","115","010600",0.0741549929314998
"498","37","115","010400",0.128900949796472
"499","37","115","010500",0.126588235294118
"500","37","151","031100",0.17625786163522
"501","37","151","030302",0.211700182815356
"502","37","151","030600",0.145797370867083
"503","37","151","030201",0.142598733795598
"504","37","151","030400",0.151785714285714
"505","37","151","031000",0.172372130487314
"506","37","151","031501",0.0898597052033387
"507","37","151","030301",0.218089333969162
"508","37","151","030700",0.11117945563586
"509","37","151","030802",0.0629846494698528
"510","37","151","030202",0.150191734128675
"511","37","191","000102",0.0581834668278676
"512","37","191","000101",0.1468025204451
"513","37","191","000303",0.106723429242513
"514","37","191","000304",0.144801512287335
"515","37","191","000401",0.0694689555591208
"516","37","191","000402",0.125026852846402
"517","37","191","000901",0.165135895032802
"518","37","191","000902",0.168583895279651
"519","37","191","001101",0.104944907282988
"520","37","191","001102",0.0854847963281698
"521","37","191","001301",0.0515151515151515
"522","37","191","001302",0.104018912529551
"523","37","191","002000",0.0745341614906832
"524","37","193","960801",0.110253857640617
"525","37","025","040703",0.0886717336228737
"526","37","155","960900",0.155619596541787
"527","37","155","961200",0.105377008652658
"528","37","155","960600",0.138946128937298
"529","37","147","001100",0.170550038197097
"530","37","147","001500",0.0892427884615385
"531","37","147","000800",0.107033639143731
"532","37","147","000400",0.0417652791312822
"533","37","147","002001",0.294275774826059
"534","37","147","000900",0.175635645519625
"535","37","147","001800",0.0577360206091832
"536","37","147","001600",0.0673890958347443
"537","37","147","000100",0.110324665333128
"538","37","147","002002",0.1263015811801
"539","37","159","051202",0.135268505079826
"540","37","159","051901",0.0774694783573807
"541","37","159","051302",0.13640312771503
"542","37","159","050201",0.113550519357885
"543","37","159","050500",0.0456263498920086
"544","37","159","050300",0.128474191718661
"545","37","159","051002",0.0843373493975904
"546","37","159","050202",0.0965207631874299
"547","37","159","050901",0.111559711007225
"548","37","159","051600",0.142393867924528
"549","37","159","050400",0.125087108013937
"550","37","159","051001",0.110839025647635
"551","37","159","051101",0.110584250635055
"552","37","159","051902",0.125428152014353
"553","37","159","051102",0.0631517960602549
"554","37","159","051204",0.157309465690263
"555","37","155","960201",0.153441295546559
"556","37","101","040700",0.142014867982569
"557","37","101","040800",0.15103756238508
"558","37","101","040600",0.151007589636221
"559","37","165","010200",0.110599078341014
"560","37","165","010300",0.117158469945355
"561","37","165","010600",0.107077764277035
"562","37","165","010400",0.110789766407119
"563","37","165","010500",0.115537848605578
"564","37","127","011400",0.0940721649484536
"565","37","127","011500",0.190258534495072
"566","37","127","010400",0.146551724137931
"567","37","003","040200",0.0777493606138107
"568","37","003","040700",0.0867653524842445
"569","37","019","990100",NA
"570","37","021","001801",0.0760837511058685
"571","37","021","001802",0.0772421967601738
"572","37","021","002203",0.11424700835403
"573","37","021","002204",0.0434782608695652
"574","37","021","002205",0.0625168782068593
"575","37","021","002206",0.020708221163802
"576","37","021","002401",0.132043255549232
"577","37","021","002503",0.107571673609409
"578","37","021","002402",0.0712118146874368
"579","37","135","010703",0.140185341196293
"580","37","135","010704",0.0480147737765466
"581","37","135","010801",0.0711845102505695
"582","37","135","011000",0.0467784642541924
"583","37","135","011203",0.0689441953934147
"584","37","135","012100",0.047796399751707
"585","37","135","010802",0.0530737704918033
"586","37","135","010701",0.0461741424802111
"587","37","135","011101",0.134169045550453
"588","37","135","011500",0.058252427184466
"589","37","135","011700",0.0271688214352633
"590","37","135","011300",0.0731087094723458
"591","37","135","011400",0.0586694604504976
"592","37","153","971000",0.12666076173605
"593","37","153","970600",0.121361618154909
"594","37","153","970700",0.177465802735781
"595","37","153","970200",0.127183513248283
"596","37","153","971100",0.10347943967465
"597","37","153","970500",0.0648379052369077
"598","37","153","970900",0.111787380807466
"599","37","153","970800",0.0954456308563957
"600","37","023","020900",0.0733227068540791
"601","37","025","040600",0.0239740516147229
"602","37","077","970400",0.0698108180122569
"603","37","077","970300",0.137716066874469
"604","37","077","970200",0.102697095435685
"605","37","085","070600",0.149336283185841
"606","37","085","070700",0.0638977635782748
"607","37","085","070100",0.132485997414907
"608","37","085","070300",0.104899249308574
"609","37","085","070200",0.178185391418277
"610","37","085","070500",0.157937017994859
"611","37","093","970300",0.165934695436319
"612","37","051","003203",0.0815058479532164
"613","37","183","051502",0.0395049976201809
"614","37","183","052301",0.0706741223982603
"615","37","183","052302",0.0597494045769908
"616","37","183","053505",0.0181716522225328
"617","37","183","053507",0.112237509051412
"618","37","183","053713",0.0730321113952827
"619","37","183","053715",0.0700545506747057
"620","37","183","053716",0.109582542694497
"621","37","183","054006",0.151176825588413
"622","37","183","054007",0.102493074792244
"623","37","183","053714",0.0625718886588452
"624","37","183","054106",0.191717600099788
"625","37","085","071201",0.155300472653612
"626","37","085","071202",0.101044634377968
"627","37","085","071203",0.079879427279578
"628","37","085","071204",0.080543358946213
"629","37","085","071301",0.102127659574468
"630","37","085","071302",0.0484306446169423
"631","37","085","071303",0.0338352371062651
"632","37","081","013602",0.185671315285753
"633","37","081","014406",0.146739130434783
"634","37","081","014501",0.221830985915493
"635","37","081","017100",0.0462579397956366
"636","37","081","012707",0.158983050847458
"637","37","051","003700",0.0533314669652856
"638","37","051","001400",0.122422886367269
"639","37","003","040500",0.108466362599772
"640","37","183","054113",0.14175654853621
"641","37","183","054114",0.0956785201722213
"642","37","183","054115",0.118487113689613
"643","37","183","054203",0.01404099971918
"644","37","183","054204",0.039045970378919
"645","37","183","054205",0.0584663428174879
"646","37","183","054206",0.0547208603510992
"647","37","183","054207",0.040041819132253
"648","37","097","060802",0.115118291979227
"649","37","097","060901",0.148522354129831
"650","37","097","060902",0.0958805107203084
"651","37","097","061001",0.0886524822695035
"652","37","097","061002",0.0738564834242551
"653","37","097","061003",0.062378640776699
"654","37","097","061101",0.104938271604938
"655","37","097","061102",0.103973707798028
"656","37","097","061103",0.0859699584531799
"657","37","183","053524",0.0729613733905579
"658","37","183","053525",0.0570071258907363
"659","37","183","053601",0.0377441946185035
"660","37","183","053602",0.0493087557603687
"661","37","183","053603",0.0135908440629471
"662","37","183","053604",0.0209629117714812
"663","37","183","053605",0.062202852614897
"664","37","183","053606",0.0303738317757009
"665","37","183","053607",0.100779904790844
"666","37","183","053608",0.0356646595646132
"667","37","183","053609",0.142147117296223
"668","37","183","053610",0.0838372959986745
"669","37","183","053717",0.0701051577366049
"670","37","183","053718",0.0220507166482911
"671","37","183","053719",0.0395044413277232
"672","37","183","053720",0.0279385854517996
"673","37","183","053721",0.0308756986957679
"674","37","183","053724",0.0528971105335576
"675","37","183","053725",0.0402482979575491
"676","37","183","053726",0.0487057220708447
"677","37","183","053803",0.0104223806911684
"678","37","183","053804",0.0361552028218695
"679","37","183","053805",0.0102536427415003
"680","37","183","053806",0.00368879946344735
"681","37","183","053807",0.0428893905191874
"682","37","183","054011",0.0388143966125618
"683","37","051","003304",0.105427678317704
"684","37","051","003305",0.0837526375588379
"685","37","051","003500",0.101060376541874
"686","37","051","001902",0.117360496014172
"687","37","051","002600",0.0484640335813776
"688","37","051","000200",0.147138964577657
"689","37","051","001700",0.111865892407144
"690","37","051","001903",0.177101096224117
"691","37","051","002502",0.0815078960774325
"692","37","051","002900",0.0682208588957055
"693","37","051","003302",0.110259337791551
"694","37","051","001901",0.186234817813765
"695","37","051","002501",0.0861683961644555
"696","37","051","001800",0.17169570760731
"697","37","051","003204",0.109386195366611
"698","37","051","002504",0.0544087491455913
"699","37","051","000900",0.127887788778878
"700","37","051","003307",0.0753246753246753
"701","37","071","032702",0.0380460310004697
"702","37","071","032302",0.114930906639703
"703","37","071","032900",0.0671043034281546
"704","37","071","031500",0.185904255319149
"705","37","071","032502",0.0559458103361766
"706","37","067","002806",0.165236733396886
"707","37","067","003002",0.0939564472718375
"708","37","067","003202",0.137487126673532
"709","37","183","054004",0.066627007733492
"710","37","183","050300",0.0453731343283582
"711","37","183","054104",0.165125385320337
"712","37","199","960400",0.118617261635789
"713","37","199","960300",0.139211136890951
"714","37","199","960200",0.138762214983713
"715","37","037","020200",0.140418752844788
"716","37","037","020800",0.0596468561584841
"717","37","037","020500",0.111141753998897
"718","37","037","020600",0.145170618854829
"719","37","037","020300",0.228673835125448
"720","37","111","970300",0.163346613545817
"721","37","111","970500",0.0902218970982687
"722","37","111","970100",0.131516802906449
"723","37","111","970200",0.0748945147679325
"724","37","111","970600",0.0701943844492441
"725","37","111","970800",0.127252502780868
"726","37","111","970700",0.103854875283447
"727","37","111","970400",0.197044334975369
"728","37","069","060100",0.115725126475548
"729","37","045","950800",0.108102205721773
"730","37","045","951000",0.138421733505821
"731","37","045","950700",0.058512046597829
"732","37","045","951400",0.0891042676254494
"733","37","049","960700",0.0423529411764706
"734","37","049","960800",0.186023127199598
"735","37","049","961100",0.0590376521442384
"736","37","049","960600",0.19047619047619
"737","37","049","960200",0.174065987384765
"738","37","049","960300",0.115360888340531
"739","37","049","960500",0.174594944912508
"740","37","049","960900",0.144685039370079
"741","37","065","021100",0.123114355231144
"742","37","065","020600",0.184856175972927
"743","37","065","020800",0.112214199759326
"744","37","065","021000",0.0921490352628077
"745","37","025","041301",0.0513044745663897
"746","37","183","052101",0.180627705627706
"747","37","183","053512",0.0517086330935252
"748","37","183","053900",0.105461596466659
"749","37","183","052504",0.0707115441393564
"750","37","183","051900",0.19114263803681
"751","37","183","052002",0.115832068791098
"752","37","183","052704",0.328504672897196
"753","37","183","052801",0.0479115479115479
"754","37","183","054001",0.151668779045205
"755","37","183","054008",0.313444816053512
"756","37","183","054109",0.102937062937063
"757","37","183","050700",0.134945894334819
"758","37","183","052603",0.0202443280977312
"759","37","183","054105",0.0988125224901044
"760","37","035","010502",0.122536418166238
"761","37","167","930500",0.131963062257968
"762","37","167","930700",0.102665350444225
"763","37","167","930801",0.0853344768439108
"764","37","167","930802",0.0998944033790919
"765","37","167","930900",0.122738799661877
"766","37","167","931000",0.146572104018913
"767","37","167","931100",0.121994342291372
"768","37","167","931201",0.097749527572582
"769","37","167","931202",0.0680743775606681
"770","37","171","930201",0.129641283826306
"771","37","169","070503",0.111660893946891
"772","37","169","070504",0.110204081632653
"773","37","171","930101",0.164390756302521
"774","37","171","930102",0.135994735687651
"775","37","049","961001",0.0354900354900355
"776","37","105","030601",0.0620821394460363
"777","37","105","030602",0.0952945828390668
"778","37","105","030701",0.0691032554423807
"779","37","105","030702",0.142694583522986
"780","37","107","011001",0.135203013813311
"781","37","107","011002",0.117024093195658
"782","37","109","070202",0.0327666151468315
"783","37","109","070901",0.0539125077017868
"784","37","109","070902",0.0986751941525811
"785","37","109","070201",0.121362106513562
"786","37","109","071001",0.194225721784777
"787","37","065","020900",0.0855925639039504
"788","37","065","021300",0.128692836908134
"789","37","065","020200",0.0954296749275829
"790","37","065","020400",0.103090601185436
"791","37","183","052408",0.139988845510318
"792","37","183","051102",0.0122563793449869
"793","37","183","052409",0.176154923005133
"794","37","183","052505",0.121034743202417
"795","37","183","052706",0.221216585981899
"796","37","183","052707",0.174609752728277
"797","37","183","052806",0.109151230301355
"798","37","183","052807",0.114364135407136
"799","37","183","052808",0.0773182411841532
"800","37","183","052506",0.0642510272693313
"801","37","183","052901",0.111945636623748
"802","37","183","052507",0.0986658392801738
"803","37","183","052809",0.153846153846154
"804","37","183","052902",0.142690448408068
"805","37","183","052903",0.0849829351535836
"806","37","183","052904",0.0519164209716703
"807","37","183","053003",0.0246399444733646
"808","37","183","053004",0.0415389853592101
"809","37","183","053005",0.0314267756128221
"810","37","183","053006",0.0544348382965098
"811","37","183","053007",0.0265076209410205
"812","37","183","053008",0.0435704192180876
"813","37","183","053009",0.156655948553055
"814","37","183","053105",0.121030832949839
"815","37","183","053106",0.0382184772795667
"816","37","183","053107",0.0810529305936938
"817","37","171","930202",0.103203943314849
"818","37","171","930302",0.135390603280512
"819","37","171","930400",0.093491124260355
"820","37","171","930502",0.112146810369939
"821","37","171","930600",0.082003828972559
"822","37","171","930700",0.115394119100568
"823","37","171","930801",0.136959110758237
"824","37","171","930802",0.116186693147964
"825","37","171","930901",0.131373013990989
"826","37","171","930902",0.106268656716418
"827","37","171","931001",0.17435688035933
"828","37","171","931002",0.0792039800995025
"829","37","171","931003",0.200120373156786
"830","37","171","930301",0.107109004739336
"831","37","025","041302",0.0333215171924849
"832","37","025","040702",0.0597788044239115
"833","37","025","041303",0.0231906464392695
"834","37","025","041501",0.0358058527097516
"835","37","025","041502",0.0608630581192317
"836","37","129","012105",0.162297128589263
"837","37","129","012201",0.117123287671233
"838","37","059","080400",0.0481261519557649
"839","37","059","080700",0.124417831004657
"840","37","059","080600",0.0770577933450088
"841","37","057","060400",0.11778380472685
"842","37","057","061600",0.177396280400572
"843","37","153","970100",0.136268829663963
"844","37","161","960900",0.161397379912664
"845","37","161","960800",0.185846418584642
"846","37","161","960600",0.156503533106517
"847","37","161","960100",0.0818059299191375
"848","37","161","961200",0.106934543097861
"849","37","161","960500",0.102719033232628
"850","37","161","960700",0.0707722870623293
"851","37","161","960400",0.0504748982360923
"852","37","161","960200",0.115711854792967
"853","37","161","960300",0.0844155844155844
"854","37","161","961000",0.119613556203036
"855","37","163","970600",0.0912198248237556
"856","37","163","971000",0.138932806324111
"857","37","163","970500",0.172970247100353
"858","37","163","970800",0.242799539170507
"859","37","163","970900",0.0788581119276427
"860","37","163","970400",0.108096280087527
"861","37","163","970700",0.177145981410607
"862","37","163","970100",0.161603375527426
"863","37","163","970200",0.13875809299588
"864","37","119","003300",0.0678349349915206
"865","37","119","004000",0.154764442549563
"866","37","119","004600",0.177286356821589
"867","37","119","005712",0.0850515463917526
"868","37","119","005713",0.0558119094704461
"869","37","119","005815",0.0961197058077606
"870","37","119","005816",0.0301507537688442
"871","37","119","002600",0.0899718837863168
"872","37","119","003006",0.0716374269005848
"873","37","003","040600",0.044256120527307
"874","37","003","040400",0.0770596065670759
"875","37","035","011401",0.130643340857788
"876","37","035","011503",0.0517615176151762
"877","37","035","011504",0.0764786376767523
"878","37","035","011601",0.143108762659621
"879","37","035","011602",0.0761332816737699
"880","37","037","020103",0.0758232235701906
"881","37","037","020104",0.0467411545623836
"882","37","037","020105",0.0346265409717186
"883","37","037","020106",0.117352492924015
"884","37","037","020401",0.27201180521397
"885","37","037","020402",0.222938430762392
"886","37","037","020701",0.0209469153515065
"887","37","037","020702",0.134884884884885
"888","37","039","930100",0.152554399243141
"889","37","039","930200",0.0974477958236659
"890","37","039","930300",0.169646114556731
"891","37","039","930400",0.141899815714525
"892","37","039","930500",0.155370964696998
"893","37","039","930601",0.141771411867875
"894","37","039","930602",0.106541606541607
"895","37","041","930101",0.0818355640535373
"896","37","041","930102",0.124149659863946
"897","37","041","930200",0.0862624712202609
"898","37","045","950101",0.147088252951771
"899","37","045","950102",0.181105448843591
"900","37","045","950301",0.138655462184874
"901","37","045","950302",0.103237528906508
"902","37","045","950601",0.178272251308901
"903","37","153","970300",0.129625031040477
"904","37","153","970400",0.0453133091662351
"905","37","063","002018",0.0550745801606342
"906","37","063","001601",0.0672882672882673
"907","37","063","000900",0.287719298245614
"908","37","063","000402",0.0641848523748395
"909","37","091","950300",0.159798149705635
"910","37","091","950200",0.0791492329149233
"911","37","091","950100",0.0977789815817985
"912","37","105","030200",0.180690072639225
"913","37","105","030300",0.207296849087894
"914","37","129","010900",0.224229074889868
"915","37","129","011100",0.127259036144578
"916","37","129","011300",0.103131749460043
"917","37","129","011400",0.103206997084548
"918","37","129","010700",0.107010264249836
"919","37","109","071002",0.0952914798206278
"920","37","109","071101",0.050561797752809
"921","37","109","071102",0.0364663585002568
"922","37","109","071201",0.0755845568243611
"923","37","109","071202",0.0453035336756267
"924","37","109","071203",0.022230813841098
"925","37","113","970501",0.110051357300073
"926","37","111","970901",0.110576242389919
"927","37","111","970902",0.0972437888198758
"928","37","113","970301",0.167800453514739
"929","37","035","010700",0.223161453930685
"930","37","035","011701",0.0887573964497041
"931","37","035","010202",0.107338062565415
"932","37","035","010402",0.153632943971491
"933","37","035","010303",0.132349602724177
"934","37","035","010900",0.195402298850575
"935","37","035","010101",0.0712361064331425
"936","37","085","071401",0.17864476386037
"937","37","063","000102",0.259593679458239
"938","37","063","001802",0.29011205516562
"939","37","063","002015",0.245819686260989
"940","37","063","000500",0.159311562224184
"941","37","063","001100",0.224002513352183
"942","37","063","001400",0.184397163120567
"943","37","063","001502",0.153677462887989
"944","37","063","001708",0.13860819828408
"945","37","063","002009",0.160134600158353
"946","37","063","000200",0.347292850732875
"947","37","063","001604",0.0192759755524213
"948","37","063","001706",0.0967863183612103
"949","37","063","001707",0.0477064220183486
"950","37","063","002016",0.297699849170437
"951","37","063","001001",0.307069616837561
"952","37","063","001002",0.285786545270612
"953","37","063","001301",0.23082489146165
"954","37","063","001303",0.0800501882057716
"955","37","063","001503",0.0115807759119861
"956","37","063","001603",0.0534485283350417
"957","37","063","001705",0.113663366336634
"958","37","063","000401",0.0693103448275862
"959","37","063","000700",0.0616512764801738
"960","37","063","001709",0.156662837449742
"961","37","063","002008",0.0417073965461062
"962","37","063","002013",0.0701004488138491
"963","37","171","930501",0.0699223085460599
"964","37","171","931101",0.190443451357855
"965","37","171","931102",0.126598144898471
"966","37","081","014000",0.168133802816901
"967","37","081","016502",0.0440410152966885
"968","37","183","054108",0.175786680146594
"969","37","183","050800",0.116625916870416
"970","37","183","051700",0.0107142857142857
"971","37","183","052401",0.0758655804480652
"972","37","159","051700",0.136998254799302
"973","37","159","051303",0.157435897435897
"974","37","159","050800",0.174325864033422
"975","37","159","050700",0.135630043451272
"976","37","159","051400",0.128852894959507
"977","37","181","961000",0.0721505751132799
"978","37","181","960100",0.082201925450506
"979","37","181","960400",0.112971698113208
"980","37","181","960300",0.0706065925492491
"981","37","181","960900",0.161085972850679
"982","37","181","960700",0.0805991440798859
"983","37","181","960600",0.146925566343042
"984","37","181","960800",0.202309666381523
"985","37","181","960200",0.0530510585305106
"986","37","181","960500",0.110299155058232
"987","37","053","110101",0.0686378035902851
"988","37","053","110200",0.10929648241206
"989","37","053","110102",0.171189979123173
"990","37","179","020800",0.174163368118028
"991","37","179","020202",0.0788807461692205
"992","37","183","052701",0.244169666614494
"993","37","183","053513",0.168711656441718
"994","37","129","011904",0.0734038921133493
"995","37","129","012006",0.0657149331520508
"996","37","129","012007",0.120523838755883
"997","37","129","012008",0.0766704974552619
"998","37","129","012009",0.0512853306049367
"999","37","129","012010",0.0786034353995519
"1000","37","129","012103",0.0417558886509636
"1001","37","129","012104",0.0462920663925689
"1002","37","025","041503",0.0346180475421186
"1003","37","025","041601",0.0950891823025249
"1004","37","025","041602",0.0612757408337519
"1005","37","025","041701",0.071055900621118
"1006","37","025","041702",0.0770697167755991
"1007","37","119","005515",0.037379421221865
"1008","37","005","950300",0.108805031446541
"1009","37","005","950200",0.10266774454325
"1010","37","119","005510",0.221637320747867
"1011","37","119","005512",0.12397562513133
"1012","37","119","005513",0.0793111262179923
"1013","37","119","005514",0.0939120130351059
"1014","37","119","005516",0.0485391140433553
"1015","37","119","005517",0.0284563082347016
"1016","37","119","005518",0.102631087889532
"1017","37","119","005519",0.0855053440840052
"1018","37","119","005520",0.0497701379172497
"1019","37","119","005521",0.0775538568450313
"1020","37","119","005511",0.119524697110904
"1021","37","089","931801",0.0501600853788687
"1022","37","089","930701",0.0933972911963883
"1023","37","183","053109",0.0661531968769783
"1024","37","183","053110",0.16125844177236
"1025","37","183","053111",0.101723272544755
"1026","37","183","053201",0.0405622489959839
"1027","37","183","053202",0.0298957126303592
"1028","37","183","053203",0.0606589570150556
"1029","37","183","053204",0.0624386412723346
"1030","37","183","053205",0.0460674157303371
"1031","37","183","053206",0.0686159844054581
"1032","37","183","053207",0.0225900859703677
"1033","37","183","053410",0.01936
"1034","37","183","053411",0.0143540669856459
"1035","37","183","053413",0.0382220051288314
"1036","37","183","053414",0.047218887555022
"1037","37","183","053415",0.0472263868065967
"1038","37","183","053408",0.0252221955320682
"1039","37","183","053409",0.0286524399343382
"1040","37","183","053412",0.0244632400780742
"1041","37","183","053416",0.0604568458487211
"1042","37","183","053417",0.0366079703429101
"1043","37","183","053418",0.0836378400324807
"1044","37","183","053419",0.0155951623169955
"1045","37","183","053420",0.0672771206918479
"1046","37","183","053421",0.0207425483702283
"1047","37","183","053422",0.0248297957549059
"1048","37","183","053423",0.0657184894556155
"1049","37","183","053424",0.0299154563190982
"1050","37","183","053425",0.0154689010634869
"1051","37","183","053516",0.170533642691415
"1052","37","183","053517",0.213458897390622
"1053","37","003","040300",0.0518331226295828
"1054","37","003","040100",0.177139248500158
"1055","37","017","950100",0.136417322834646
"1056","37","017","950500",0.0723743605176046
"1057","37","017","950600",0.137169680111266
"1058","37","017","950200",0.217489512746047
"1059","37","017","950400",0.105238019423659
"1060","37","017","950300",0.14948847152237
"1061","37","055","970300",0.136817832436587
"1062","37","055","970200",0.166631645303635
"1063","37","055","970400",0.106535057862491
"1064","37","031","970200",0.120634920634921
"1065","37","107","011400",0.0865462388784039
"1066","37","107","010800",0.0663664839467502
"1067","37","107","011200",0.186763129689175
"1068","37","107","010400",0.185135135135135
"1069","37","107","010700",0.0822320117474303
"1070","37","107","011100",0.167778347870703
"1071","37","107","010500",0.109352517985612
"1072","37","107","010600",0.101123595505618
"1073","37","107","010200",0.110929853181077
"1074","37","107","010900",0.0762790697674419
"1075","37","107","010100",0.125826193390453
"1076","37","107","011300",0.0996577410912019
"1077","37","107","010300",0.176061238691719
"1078","37","001","021204",0.0805868167202572
"1079","37","001","020300",0.203783783783784
"1080","37","001","021201",0.21581311769991
"1081","37","001","021400",0.0913391557496361
"1082","37","001","021500",0.0771008403361345
"1083","37","001","020400",0.165431366735843
"1084","37","001","021000",0.193548387096774
"1085","37","001","020200",0.167358905448326
"1086","37","001","021300",0.0888999667663676
"1087","37","001","021600",0.0826161790017212
"1088","37","177","960100",0.109401709401709
"1089","37","079","950200",0.18102734051367
"1090","37","079","950300",0.12951345322738
"1091","37","179","020902",0.111190408221524
"1092","37","179","020100",0.0915669768128785
"1093","37","179","020401",0.046975212341827
"1094","37","183","053722",0.00785610915856936
"1095","37","183","053723",0.104675095560129
"1096","37","183","053808",0.0484943292921392
"1097","37","129","011703",0.0106690375639031
"1098","37","129","011800",0.0219315121200462
"1099","37","129","010300",0.151398708884107
"1100","37","129","011902",0.128765708383543
"1101","37","129","012001",0.0672657952069717
"1102","37","129","012004",0.0426644646297826
"1103","37","129","010501",0.273084479371316
"1104","37","129","010600",0.0832542694497154
"1105","37","129","011500",0.161388782907287
"1106","37","129","010100",0.174166666666667
"1107","37","129","010502",0.0982478770289154
"1108","37","129","010800",0.263852242744063
"1109","37","129","011603",0.0613363937770977
"1110","37","129","010200",0.145103857566766
"1111","37","129","012101",0.125859622311975
"1112","37","129","011200",0.141295206055509
"1113","37","129","010400",0.0399251403618216
"1114","37","129","011701",0.103370786516854
"1115","37","129","011000",0.101147471313217
"1116","37","081","015401",0.0586883507159272
"1117","37","081","015402",0.129747245625405
"1118","37","081","015704",0.0714963619107877
"1119","37","081","015705",0.0809553349875931
"1120","37","081","015706",0.0281481481481481
"1121","37","081","015707",0.0281399046104928
"1122","37","081","015901",0.0750871080139373
"1123","37","081","015902",0.0228368434407511
"1124","37","063","000301",0.120117597648047
"1125","37","063","000302",0.107357947106572
"1126","37","063","001501",0.0174195453203425
"1127","37","063","002017",0.0201044386422977
"1128","37","063","002100",0.0264130434782609
"1129","37","001","020100",0.113356333169049
"1130","37","001","020501",0.130138779785284
"1131","37","001","020502",0.160019940179462
"1132","37","001","020601",0.025377449405718
"1133","37","001","020602",0.0466262319939348
"1134","37","001","020701",0.0687713653730143
"1135","37","001","020702",0.111920663833232
"1136","37","001","020801",0.109572546658639
"1137","37","001","020802",0.251732882502113
"1138","37","001","020901",0.104227833235467
"1139","37","001","020902",0.0760335357039607
"1140","37","025","041901",0.152978339350181
"1141","37","025","041902",0.129511677282378
"1142","37","005","950100",0.122176341996599
"1143","37","027","030300",0.150119904076739
"1144","37","027","030400",0.120597922472764
"1145","37","027","031300",0.124214542190305
"1146","37","027","030100",0.231277533039648
"1147","37","027","030700",0.153550590579195
"1148","37","027","030500",0.0866396761133603
"1149","37","027","030800",0.115746795710175
"1150","37","183","054012",0.0593264248704663
"1151","37","183","054013",0.0538490424333459
"1152","37","183","054014",0.130992034757422
"1153","37","183","054015",0.11412037037037
"1154","37","183","054016",0.027258064516129
"1155","37","183","054017",0.0730317064481653
"1156","37","183","054018",0.133208255159475
"1157","37","097","061104",0.109381947532237
"1158","37","097","061201",0.106420184861354
"1159","37","097","061202",0.0928903935674989
"1160","37","097","061203",0.0492842535787321
"1161","37","097","061204",0.0563658838071693
"1162","37","097","061205",0.017888636936256
"1163","37","097","061301",0.164396579030725
"1164","37","097","061302",0.124895222129086
"1165","37","097","061303",0.0376792977949047
"1166","37","097","061304",0.0979838709677419
"1167","37","097","061401",0.0227360308285164
"1168","37","097","061402",0.048042119118131
"1169","37","097","061403",0.0582317073170732
"1170","37","097","061404",0.049405646359584
"1171","37","097","061405",0.0324295587453482
"1172","37","097","061406",0.0452230596862905
"1173","37","097","061407",0.0763948497854077
"1174","37","097","061408",0.0319444444444444
"1175","37","097","061501",0.0970748123220295
"1176","37","097","061502",0.0741101901511458
"1177","37","097","061503",0.0441294463760364
"1178","37","097","061601",0.222529753667312
"1179","37","097","061602",0.069427070302727
"1180","37","099","940200",0.276265874979383
"1181","37","101","040201",0.110045590315988
"1182","37","101","040202",0.124645892351275
"1183","37","101","040203",0.0518192399170083
"1184","37","101","040301",0.184527454582568
"1185","37","101","040302",0.164902207069801
"1186","37","101","040901",0.125412541254125
"1187","37","101","040902",0.153641545281824
"1188","37","101","041001",0.183651461231532
"1189","37","101","041002",0.129961874859834
"1190","37","183","053518",0.0648648648648649
"1191","37","183","053519",0.25270684371808
"1192","37","183","053520",0.0979697067354173
"1193","37","183","053521",0.0270709258256632
"1194","37","183","053522",0.0280681655448947
"1195","37","183","053523",0.0299326957137797
"1196","37","071","032100",0.172764227642276
"1197","37","071","033400",0.140087783467447
"1198","37","071","033202",0.0967741935483871
"1199","37","071","032200",0.1508482347547
"1200","37","071","033100",0.137732656514382
"1201","37","071","031001",0.127948113207547
"1202","37","071","031302",0.153646353646354
"1203","37","071","031800",0.14162962962963
"1204","37","071","031701",0.0898203592814371
"1205","37","071","031900",0.241000877963126
"1206","37","071","032301",0.0597345132743363
"1207","37","071","032600",0.0355474831344058
"1208","37","071","032800",0.0950874271440466
"1209","37","071","031600",0.13184634448575
"1210","37","071","031301",0.147597557738253
"1211","37","071","032000",0.0882251973910058
"1212","37","071","030700",0.0932642487046632
"1213","37","081","013800",0.16276640200585
"1214","37","081","012604",0.155249006312836
"1215","37","081","012703",0.0640505187189896
"1216","37","081","012706",0.253187073821524
"1217","37","119","004302",0.181135531135531
"1218","37","195","001500",0.106049947238832
"1219","37","195","000300",0.245181532944868
"1220","37","065","021500",0.0829046898638427
"1221","37","065","021400",0.107102593010147
"1222","37","065","020300",0.113669363202655
"1223","37","065","021200",0.0287141073657928
"1224","37","065","021600",0.110924932975871
"1225","37","065","020700",0.0964546402502607
"1226","37","077","970500",0.0776084407971864
"1227","37","169","070200",0.0919645585090131
"1228","37","169","070400",0.086049772169646
"1229","37","169","070501",0.11719485409476
"1230","37","187","950300",0.184360730593607
"1231","37","187","950100",0.112607639655553
"1232","37","187","950200",0.101577734444247
"1233","37","043","950200",0.155510480054091
"1234","37","043","950100",0.109741550695825
"1235","37","021","002504",0.10906862745098
"1236","37","021","002505",0.132128740824393
"1237","37","021","002506",0.189603283173735
"1238","37","021","002603",0.127029858564694
"1239","37","021","002604",0.137549680317954
"1240","37","021","002605",0.159452936444087
"1241","37","021","002606",0.191842223218288
"1242","37","021","002607",0.154485455878758
"1243","37","021","002701",0.0880600880600881
"1244","37","021","002702",0.0599591187826482
"1245","37","021","002703",0.0995187082751126
"1246","37","129","012202",0.104633781763827
"1247","37","129","012203",0.0725047080979284
"1248","37","129","012300",0.0303539426523297
"1249","37","129","980100",NA
"1250","37","129","990100",NA
"1251","37","131","920100",0.153460837887067
"1252","37","131","920200",0.0857830037413148
"1253","37","131","920300",0.129425325209946
"1254","37","131","920401",0.172531214528944
"1255","37","131","920402",0.0599700149925037
"1256","37","133","000202",0.0645669291338583
"1257","37","133","000201",0.0548926014319809
"1258","37","133","000301",0.114865989678708
"1259","37","133","000302",0.094608239095315
"1260","37","133","000401",0.0947583588845087
"1261","37","133","000402",0.0879334978568645
"1262","37","133","001101",0.0883935434281322
"1263","37","119","003700",0.0915892672858617
"1264","37","119","003500",0.00458891013384321
"1265","37","119","004900",0.168908819133034
"1266","37","119","005522",0.106400839454355
"1267","37","045","950602",0.0951985379631168
"1268","37","045","951501",0.0888504753673293
"1269","37","045","951502",0.11996644295302
"1270","37","045","951503",0.0706646294881589
"1271","37","045","951601",0.139702463970246
"1272","37","045","951602",0.166237113402062
"1273","37","047","930100",0.165113759479957
"1274","37","047","930200",0.190604026845638
"1275","37","047","930300",0.0678558936691151
"1276","37","047","930400",0.0984427141268076
"1277","37","047","930500",0.134759845208286
"1278","37","047","930600",0.17247191011236
"1279","37","047","930700",0.105263157894737
"1280","37","047","930800",0.0739984689971932
"1281","37","047","930900",0.105318699873364
"1282","37","047","931000",0.164662349676226
"1283","37","047","931100",0.110786397449522
"1284","37","047","931200",0.0892806369064544
"1285","37","015","960200",0.129015937262838
"1286","37","015","960300",0.119047619047619
"1287","37","015","960400",0.0788064269319051
"1288","37","015","960100",0.130876068376068
"1289","37","073","970200",0.0664667666166917
"1290","37","073","970100",0.0676056338028169
"1291","37","073","970300",0.0620708596539412
"1292","37","087","980100",NA
"1293","37","121","950300",0.154389268063074
"1294","37","119","000500",0.0439499816108864
"1295","37","119","001200",0.162809099901088
"1296","37","119","001603",0.203389830508475
"1297","37","119","001702",0.277673864988947
"1298","37","035","010201",0.073
"1299","37","035","010302",0.053964948811383
"1300","37","035","010102",0.0578653051300754
"1301","37","035","010401",0.133610533610534
"1302","37","035","011501",0.0967195767195767
"1303","37","035","010301",0.133841592545532
"1304","37","035","010600",0.103421819855762
"1305","37","035","011000",0.157476635514019
"1306","37","035","011101",0.102445302445302
"1307","37","035","011200",0.137670909948138
"1308","37","035","011702",0.102023489458044
"1309","37","035","011801",0.132922535211268
"1310","37","035","011300",0.149516770892553
"1311","37","035","011802",0.1364713315432
"1312","37","035","011102",0.142093599269978
"1313","37","045","951100",0.185266229029905
"1314","37","045","950200",0.127824402840542
"1315","37","045","950500",0.13987915407855
"1316","37","045","951300",0.0843998616395711
"1317","37","045","950400",0.140474221119382
"1318","37","045","950900",0.0996602491506229
"1319","37","045","951200",0.150769775261016
"1320","37","151","030900",0.147168870042405
"1321","37","151","031200",0.15748987854251
"1322","37","151","030502",0.0945192754296331
"1323","37","151","031400",0.077733860342556
"1324","37","151","031503",0.16412806963009
"1325","37","151","030100",0.187007454739084
"1326","37","151","031602",0.131599081866871
"1327","37","151","030801",0.167076167076167
"1328","37","151","031601",0.135922330097087
"1329","37","171","931103",0.0849919311457773
"1330","37","109","070100",0.0620487804878049
"1331","37","109","070400",0.0612134344528711
"1332","37","109","070600",0.116216873328471
"1333","37","109","070700",0.0735413839891452
"1334","37","109","070800",0.184141355140187
"1335","37","123","960200",0.0959021058622652
"1336","37","123","960100",0.143279862949696
"1337","37","123","960300",0.0569433252753156
"1338","37","123","960500",0.248767015190373
"1339","37","133","001000",0
"1340","37","133","002100",0.0727498834136484
"1341","37","133","000102",0.10954322149054
"1342","37","133","000800",0.0167883211678832
"1343","37","133","002400",0.0321633337994686
"1344","37","133","000900",0.0174672489082969
"1345","37","133","001200",0.0724674661903547
"1346","37","133","000500",0.00461133069828722
"1347","37","133","000103",0.0767482517482517
"1348","37","133","001400",0.0460617227084293
"1349","37","133","002300",0.0441767068273092
"1350","37","133","002500",0.148201856148492
"1351","37","133","000600",0
"1352","37","133","001300",0.0379347888373159
"1353","37","133","001500",0.16765630457562
"1354","37","019","020402",0.0907751252578839
"1355","37","175","960100",0.118710207434792
"1356","37","175","960500",0.201803349076857
"1357","37","175","960300",0.0994823885872996
"1358","37","175","960200",0.163430765948368
"1359","37","175","960600",0.288309636650869
"1360","37","009","970700",0.0866156787762906
"1361","37","009","970200",0.123394185260311
"1362","37","009","970300",0.150408083948698
"1363","37","009","970400",0.120302246967588
"1364","37","009","970500",0.162356567905463
"1365","37","119","005605",0.135395925869199
"1366","37","119","005709",0.0874769797421731
"1367","37","119","005817",0.0250665483584738
"1368","37","119","006204",0.056208482370976
"1369","37","119","006302",0.0452208459920542
"1370","37","119","000100",0.0444293708665423
"1371","37","119","000300",0.0340807174887892
"1372","37","025","042101",0.272327044025157
"1373","37","119","003807",0.289059262329051
"1374","37","135","012201",0.0419331911869225
"1375","37","135","012202",0.0334329473290997
"1376","37","137","950101",0.103767942583732
"1377","37","119","005523",0.052199212733185
"1378","37","119","005524",0.118081564710778
"1379","37","119","005609",0.121987951807229
"1380","37","119","005610",0.190601380216891
"1381","37","119","005611",0.0864790665751544
"1382","37","119","005612",0.154587509637625
"1383","37","119","005613",0.129447852760736
"1384","37","119","005614",0.0291962174940898
"1385","37","119","005615",0.0695454545454545
"1386","37","119","005616",0.183464091732046
"1387","37","063","002023",0.0526315789473684
"1388","37","063","002024",0.0242100298695174
"1389","37","063","002025",0.0796027275422473
"1390","37","063","002026",0.194627192982456
"1391","37","063","002027",0.110438156525031
"1392","37","063","002028",0.0905793549651995
"1393","37","063","002200",0.112864658058345
"1394","37","063","002300",0.104102878138396
"1395","37","063","980100",NA
"1396","37","067","002808",0.0707045735475896
"1397","37","067","002809",0.0793650793650794
"1398","37","067","002903",0.141611082606465
"1399","37","067","002904",0.16980306345733
"1400","37","067","003003",0.0459183673469388
"1401","37","067","003004",0.0533967011462119
"1402","37","067","003105",0.113739038001594
"1403","37","067","003106",0.0633757961783439
"1404","37","067","003107",0.0878284923928077
"1405","37","067","003108",0.173992673992674
"1406","37","067","003309",0.109556251150801
"1407","37","067","003310",0.14041964491584
"1408","37","067","003311",0.0378827192527244
"1409","37","067","003312",0.0676538908246225
"1410","37","067","003313",0.0620525059665871
"1411","37","067","003314",0.103235294117647
"1412","37","067","003315",0.106938073394495
"1413","37","067","003403",0.224608775698067
"1414","37","067","003404",0.196522153406384
"1415","37","067","003701",0.121051418030897
"1416","37","179","020901",0.140858037193887
"1417","37","193","960100",0.0796239977882223
"1418","37","193","960700",0.168441168441168
"1419","37","193","960900",0.127068307170132
"1420","37","193","960300",0.206282884555865
"1421","37","047","931300",0.100585417775412
"1422","37","049","960101",0.0579038795599305
"1423","37","049","960102",0.108539325842697
"1424","37","049","960401",0.0688311688311688
"1425","37","049","960402",0.048344210780759
"1426","37","049","960403",0.0520987654320988
"1427","37","049","960404",0.0934326337169939
"1428","37","049","961002",0.120929118773946
"1429","37","049","961201",0.0348953140578265
"1430","37","049","961202",0.00250855188141391
"1431","37","049","961301",0.144228132711818
"1432","37","049","961302",0.10201367781155
"1433","37","049","961303",0.107829010566763
"1434","37","051","000701",0.0736320235034888
"1435","37","051","001603",0.11577051710831
"1436","37","051","001604",0.0541106865524467
"1437","37","051","000702",0.0785432207108381
"1438","37","051","002001",0.109954456733897
"1439","37","051","002002",0.146251536255633
"1440","37","051","002401",0.236275191104934
"1441","37","051","002402",0.140350877192982
"1442","37","051","003001",0.0906007386749077
"1443","37","051","003002",0.132369299221357
"1444","37","051","003102",0.0777696258253852
"1445","37","051","003103",0.0691880265280516
"1446","37","081","016005",0.0574084199015856
"1447","37","081","016006",0.0828877005347594
"1448","37","081","016007",0.0608824777259228
"1449","37","081","016008",0.0475989297282073
"1450","37","081","016009",0.0358451072736787
"1451","37","191","001400",0.096156964488406
"1452","37","191","000601",0.198916576381365
"1453","37","191","000302",0.117301038062284
"1454","37","191","001000",0.179206566347469
"1455","37","191","000700",0.146576319543509
"1456","37","191","001500",0.150388936905791
"1457","37","191","001800",0.138378862516794
"1458","37","191","000200",0.168907838635618
"1459","37","191","000800",0.133008617459723
"1460","37","191","001200",0.0950323974082073
"1461","37","001","021101",0.0669610007358352
"1462","37","001","021102",0.117245473434253
"1463","37","001","021205",0.0455344070278184
"1464","37","001","021206",0.0956452575064625
"1465","37","157","040102",0.125746268656716
"1466","37","157","040300",0.0813921622362291
"1467","37","157","040501",0.0875458909912454
"1468","37","157","040900",0.096541239072596
"1469","37","157","041002",0.0894736842105263
"1470","37","157","041100",0.0563006632277082
"1471","37","157","040200",0.16009589770911
"1472","37","157","041200",0.10824209873993
"1473","37","157","040400",0.151141777558732
"1474","37","157","040602",0.0824931255728689
"1475","37","157","040700",0.0718455321059722
"1476","37","157","041500",0.085559265442404
"1477","37","119","005906",0.193956717027358
"1478","37","119","005907",0.0598157335223246
"1479","37","119","005909",0.116135860675455
"1480","37","119","005911",0.0533351900849464
"1481","37","119","005912",0.100131945462542
"1482","37","119","005913",0.156731209025766
"1483","37","119","005914",0.138711776187378
"1484","37","119","005916",0.172994387586662
"1485","37","119","005918",0.108679616424883
"1486","37","119","006005",0.0804733727810651
"1487","37","119","006006",0.143048128342246
"1488","37","119","006007",0.0354396924555502
"1489","37","119","006008",0.0440426518312471
"1490","37","119","006009",0.0938755020080321
"1491","37","119","006010",0.167529283573958
"1492","37","097","060500",0.06825
"1493","37","097","060300",0.153087478559177
"1494","37","097","060200",0.191163976210705
"1495","37","097","060100",0.0825030589057857
"1496","37","097","060400",0.13710499490316
"1497","37","119","003400",0.023116287277219
"1498","37","119","001100",0.0936141758609161
"1499","37","119","002300",0.0786942582337511
"1500","37","119","003105",0.0323939952594153
"1501","37","119","004400",0.24896265560166
"1502","37","119","003201",0.177801343230824
"1503","37","119","003600",0.105600789538613
"1504","37","119","004800",0.166718218373028
"1505","37","119","005823",0.0656609507271543
"1506","37","119","006203",0.0497291021671827
"1507","37","119","002904",0.0194747713189731
"1508","37","025","042102",0.0734061468122936
"1509","37","025","042401",0.114841986455982
"1510","37","025","042402",0.108562918838421
"1511","37","025","042501",0.10836729801007
"1512","37","025","042502",0.225187969924812
"1513","37","025","042503",0.0995364723103196
"1514","37","025","042504",0.0313479623824451
"1515","37","025","042601",0.0265957446808511
"1516","37","025","042602",0.0881015082595164
"1517","37","025","042603",0.0612648221343874
"1518","37","025","042604",0.0649711901450427
"1519","37","027","031201",0.111555555555556
"1520","37","027","031202",0.103259630727148
"1521","37","027","031401",0.063102541630149
"1522","37","027","031402",0.113494191242181
"1523","37","027","031403",0.177795337811142
"1524","37","031","970103",0.16769959897922
"1525","37","031","970301",0.155526430755789
"1526","37","029","950101",0.0637665967854647
"1527","37","029","950102",0.0870105655686762
"1528","37","031","970101",0.131386861313869
"1529","37","031","970102",0.101921470342523
"1530","37","031","970302",0.149914821124361
"1531","37","031","970303",0.106075216972035
"1532","37","031","970304",0.0733363512901766
"1533","37","031","970401",0.214330609679447
"1534","37","031","970402",0.101901140684411
"1535","37","031","970403",0.0260162601626016
"1536","37","197","050101",0.0728647257519704
"1537","37","197","050102",0.0801357347950927
"1538","37","197","050501",0.0913921360255048
"1539","37","197","050300",0.116480996068152
"1540","37","197","050400",0.179760750080828
"1541","37","197","050200",0.10787037037037
"1542","37","197","050502",0.0892816157906817
"1543","37","081","016305",0.0287026406429392
"1544","37","081","016306",0.0551554207733131
"1545","37","081","016405",0.0979809976247031
"1546","37","081","016406",0.0870175438596491
"1547","37","081","016407",0.056369785794814
"1548","37","081","016408",0.0217831813576494
"1549","37","081","016409",0.047711404189294
"1550","37","057","061201",0.199621271895219
"1551","37","057","061202",0.06158357771261
"1552","37","057","061701",0.128822252909844
"1553","37","057","061702",0.12545001384658
"1554","37","057","061703",0.11450221006104
"1555","37","057","061803",0.102993241068555
"1556","37","057","061804",0.112568306010929
"1557","37","057","061901",0.113181504485852
"1558","37","057","061902",0.062903523335178
"1559","37","057","062001",0.134943496565478
"1560","37","057","062002",0.109541511771995
"1561","37","061","090100",0.238624225592822
"1562","37","061","090200",0.219625226677413
"1563","37","061","090300",0.180449856248943
"1564","37","061","090400",0.165807876334192
"1565","37","061","090501",0.0740996036532828
"1566","37","061","090502",0.209932769464324
"1567","37","061","090600",0.122779922779923
"1568","37","061","090701",0.125203693644758
"1569","37","061","090702",0.124354691770422
"1570","37","061","090801",0.222404192597445
"1571","37","061","090802",0.152422907488987
"1572","37","063","002021",0.044340723453909
"1573","37","063","001806",0.095604099244876
"1574","37","063","002020",0.0298186702484889
"1575","37","063","001807",0.10930576070901
"1576","37","063","001808",0.0482367637167291
"1577","37","063","001809",0.0466462924239987
"1578","37","063","002019",0.0525276461295419
"1579","37","063","002022",0.0857024278896037
"1580","37","119","003808",0.425153470801196
"1581","37","119","003903",0.128448665762099
"1582","37","119","004303",0.229130882858124
"1583","37","119","004304",0.132784462740131
"1584","37","119","004305",0.275458095524181
"1585","37","119","005305",0.214536106566955
"1586","37","119","005306",0.326932084309134
"1587","37","119","005307",0.233508604206501
"1588","37","119","005308",0.380934854619065
"1589","37","137","950102",0.125493513818387
"1590","37","137","950201",0.0758254057078903
"1591","37","137","950202",0.0804649083594099
"1592","37","137","990100",NA
"1593","37","139","960501",0.129228100607112
"1594","37","139","960502",0.0905358242660645
"1595","37","139","960503",0.0635622025832767
"1596","37","139","960701",0.0915705412599822
"1597","37","139","960702",0.108516935218678
"1598","37","141","920101",0.0660146699266504
"1599","37","141","920102",0.0324508966695132
"1600","37","141","920103",0.0660516605166052
"1601","37","141","920201",0.0491509043214138
"1602","37","141","920202",0.0803561365941621
"1603","37","141","920203",0.0709036742800397
"1604","37","141","920204",0.0728527607361963
"1605","37","141","920300",0.135302197802198
"1606","37","141","920401",0.186351706036745
"1607","37","141","920402",0.0586626139817629
"1608","37","141","920403",0.0901525658807212
"1609","37","141","920501",0.149466908066787
"1610","37","141","920502",0.192711209276643
"1611","37","141","920601",0.176236044657097
"1612","37","141","920602",0.120789779326365
"1613","37","141","990100",NA
"1614","37","143","920100",0.0856297680211739
"1615","37","143","920201",0.181139755766621
"1616","37","143","920202",0.104951958610495
"1617","37","145","920100",0.0525923718712753
"1618","37","145","920200",0.0346353371986573
"1619","37","145","920300",0.131948241297613
"1620","37","145","920400",0.096695652173913
"1621","37","145","920500",0.0515404549380939
"1622","37","067","003201",0.134008338296605
"1623","37","067","001500",0.261446298673513
"1624","37","067","001700",0.106727721028531
"1625","37","067","004102",0.0593095308350546
"1626","37","067","001400",0.144740455918704
"1627","37","067","001601",0.148648648648649
"1628","37","193","960500",0.173434057286749
"1629","37","193","960200",0.109344490934449
"1630","37","193","961100",0.0618442849254556
"1631","37","193","961200",0.105998138050273
"1632","37","193","960400",0.0789825970548862
"1633","37","193","960600",0.109105824446267
"1634","37","067","000301",0.135629709364909
"1635","37","067","000400",0.252318066872717
"1636","37","067","002603",0.0680173661360347
"1637","37","155","960202",0.209180178122859
"1638","37","155","960401",0.181325552313464
"1639","37","155","960402",0.16839762611276
"1640","37","155","960501",0.119135626954791
"1641","37","155","960701",0.143300653594771
"1642","37","155","960502",0.108904548366432
"1643","37","155","960702",0.198468606431853
"1644","37","101","041400",0.152535270289147
"1645","37","113","970200",0.061128526645768
"1646","37","113","970600",0.153186930905196
"1647","37","113","970700",0.146743237116518
"1648","37","113","970400",0.139408284023669
"1649","37","113","970100",0.0759856630824373
"1650","37","109","070300",0.0773736880644374
"1651","37","109","070500",0.0873725816517578
"1652","37","145","920601",0.173086888927276
"1653","37","145","920602",0.0903251706142112
"1654","37","147","000202",0.175141242937853
"1655","37","147","000301",0.085374149659864
"1656","37","147","000201",0.0635141400092721
"1657","37","147","000302",0.134487350199734
"1658","37","147","000501",0.0349236046149049
"1659","37","147","000502",0.0652938221998995
"1660","37","147","000601",0.123598158422854
"1661","37","147","000602",0.149098130067847
"1662","37","147","000603",0.0889452427913966
"1663","37","147","001001",0.044922788956481
"1664","37","147","001002",0.0677175486569085
"1665","37","147","001003",0.0663134506921894
"1666","37","101","041101",0.0583887657058389
"1667","37","101","041102",0.0801702731465058
"1668","37","101","041103",0.0837478748189661
"1669","37","021","000100",0.0657439446366782
"1670","37","021","000300",0.08889816360601
"1671","37","021","000800",0.0828025477707006
"1672","37","001","021207",0.0788262370540852
"1673","37","001","021701",0.0157342657342657
"1674","37","001","021702",0.0554188974099262
"1675","37","001","021703",0.072565543071161
"1676","37","001","021801",0.124536846438864
"1677","37","001","021802",0.0948437082554101
"1678","37","001","021803",0.151571164510166
"1679","37","001","021901",0.0946254409628554
"1680","37","001","021902",0.110171539019087
"1681","37","001","022001",0.0697329376854599
"1682","37","001","022002",0.121150820409081
"1683","37","007","920100",0.069943912900033
"1684","37","007","920200",0.138755980861244
"1685","37","007","920300",0.0779082177161153
"1686","37","007","920400",0.129763779527559
"1687","37","007","920500",0.120912684153791
"1688","37","007","920600",0.111377564614975
"1689","37","009","970800",0.111196025983951
"1690","37","011","930100",0.155182072829132
"1691","37","011","930200",0.166950596252129
"1692","37","011","930301",0.226014760147601
"1693","37","011","930302",0.12626656274357
"1694","37","011","930400",0.0618717504332756
"1695","37","013","930100",0.0760891387271632
"1696","37","119","003007",0.0192778017551431
"1697","37","119","003016",0.046281951975213
"1698","37","119","003802",0.132373694609088
"1699","37","119","003902",0.206984126984127
"1700","37","119","004100",0.140282513395032
"1701","37","119","004200",0.141889812249923
"1702","37","119","004700",0.104527669088876
"1703","37","119","005811",0.0736612021857923
"1704","37","119","000400",0.0446991404011461
"1705","37","119","001000",0.0498185417354009
"1706","37","119","001910",0.308602332262971
"1707","37","133","001102",0.176905429518226
"1708","37","133","000403",0.141525423728814
"1709","37","119","005404",0.109698585195817
"1710","37","119","005509",0.0644784828592268
"1711","37","119","005403",0.203485838779956
"1712","37","119","005508",0.0967276227141482
"1713","37","021","000900",0.117823765020027
"1714","37","021","001000",0.139679900228643
"1715","37","021","000400",0.0900230828417543
"1716","37","021","001100",0.0954602547999282
"1717","37","021","002301",0.0537744097930632
"1718","37","021","002302",0.0918510523475445
"1719","37","021","000200",0.0962910128388017
"1720","37","021","000600",0.122928915018707
"1721","37","021","001400",0.206187050359712
"1722","37","021","000500",0.0803596515875246
"1723","37","021","002102",0.112891986062718
"1724","37","021","003001",0.0874141369377354
"1725","37","021","003102",0.101667270750272
"1726","37","021","001200",0.0913726290026514
"1727","37","021","001500",0.208041313168572
"1728","37","021","001900",0.127155727155727
"1729","37","021","000700",0.135202492211838
"1730","37","021","001600",0.0755296284924777
"1731","37","021","002000",0.167856034750233
"1732","37","021","002101",0.0109439124487004
"1733","37","021","003002",0.121984524351388
"1734","37","021","001300",0.136673258624478
"1735","37","021","002900",0.169638175144206
"1736","37","021","001700",0.0883431085043988
"1737","37","183","054208",0.074829182279039
"1738","37","183","054209",0.06139023807628
"1739","37","183","054210",0.0580747812251392
"1740","37","183","054211",0.0358648281774666
"1741","37","183","054403",0.135756887247941
"1742","37","183","054404",0.079725987465384
"1743","37","183","054500",0.159365138295898
"1744","37","183","980100",NA
"1745","37","183","980200",NA
"1746","37","185","950103",0.131985294117647
"1747","37","185","950101",0.0717948717948718
"1748","37","185","950102",0.111462450592885
"1749","37","189","920100",0.152279144816458
"1750","37","119","001911",0.20152027027027
"1751","37","119","002004",0.0937958883994126
"1752","37","119","002500",0.0403726708074534
"1753","37","119","003103",0.0960991466883381
"1754","37","119","003106",0.163990825688073
"1755","37","119","005100",0.280373831775701
"1756","37","119","005200",0.21972602739726
"1757","37","119","005401",0.156073103671357
"1758","37","119","005706",0.105798045602606
"1759","37","119","005710",0.162394914906705
"1760","37","119","005711",0.0667206477732794
"1761","37","119","005812",0.0723833902161547
"1762","37","119","004500",0.187591776798825
"1763","37","119","005000",0.0835266821345708
"1764","37","119","005604",0.0381508850317924
"1765","37","081","013900",0.147763946519133
"1766","37","081","014200",0.235497088634893
"1767","37","081","014300",0.280745341614907
"1768","37","081","014407",0.0886359717192619
"1769","37","081","015300",0.030614406779661
"1770","37","081","016201",0.0631479736098021
"1771","37","081","016600",0.116946160635481
"1772","37","081","016900",0.0900979325353645
"1773","37","081","010500",0.0944515036001694
"1774","37","081","010702",0.0372278544124979
"1775","37","081","010900",0.0444312796208531
"1776","37","081","011101",0.124127230411171
"1777","37","081","012617",0.169063692398004
"1778","37","081","012805",0.0570093457943925
"1779","37","081","014408",0.15741935483871
"1780","37","081","015703",0.0626998223801066
"1781","37","081","016503",0.0734526472781506
"1782","37","081","010200",0.221581395348837
"1783","37","133","002201",0.0879072818718565
"1784","37","133","002202",0.0670430486944248
"1785","37","133","002600",0.130661453242098
"1786","37","133","002800",0.0852860460206882
"1787","37","133","990100",NA
"1788","37","135","010705",0.111591355599214
"1789","37","135","010706",0.0299743077362261
"1790","37","135","010901",0.116577169582539
"1791","37","135","010902",0.114091737042557
"1792","37","135","011204",0.081772784019975
"1793","37","135","011205",0.0451491217729577
"1794","37","135","011601",0.0243499793644243
"1795","37","135","011602",0.0258851532282059
"1796","37","135","011901",0.0711164084227255
"1797","37","135","011902",0.0532156368221942
"1798","37","119","005617",0.092274678111588
"1799","37","119","005618",0.139933628318584
"1800","37","119","005619",0.14344262295082
"1801","37","119","005620",0.110639083856668
"1802","37","119","005621",0.0545676004872107
"1803","37","119","005714",0.0321826681049982
"1804","37","119","005715",0.0945689327763008
"1805","37","119","005716",0.122828282828283
"1806","37","119","005717",0.198741949977535
"1807","37","119","005825",0.10752688172043
"1808","37","119","005826",0.146490663232453
"1809","37","119","005827",0.115722827998593
"1810","37","119","005828",0.0517110266159696
"1811","37","119","005824",0.258641239570918
"1812","37","119","005829",0.155031295137217
"1813","37","119","005830",0.109609992352791
"1814","37","119","005831",0.106459838504037
"1815","37","119","005832",0.0692284232997865
"1816","37","119","005834",0.0608642726719416
"1817","37","119","005835",0.0621160409556314
"1818","37","119","005836",0.094282572842221
"1819","37","119","005837",0.0457846153846154
"1820","37","119","005838",0.0468631897203326
"1821","37","119","005839",0.0861618798955614
"1822","37","119","005840",0.0467453036260376
"1823","37","081","016800",0.102733741105979
"1824","37","081","012503",0.0878424269866425
"1825","37","081","012504",0.182675814751286
"1826","37","067","003702",0.0770845258538447
"1827","37","067","003703",0.0835464620630861
"1828","37","067","003805",0.111997100398695
"1829","37","067","003806",0.0997824059682934
"1830","37","067","003908",0.0142620232172471
"1831","37","067","003909",0.0311091073038774
"1832","37","067","004010",0.0635794743429287
"1833","37","067","004011",0.0427493713327745
"1834","37","085","071402",0.0505947250474056
"1835","37","051","003104",0.0942741469057259
"1836","37","051","003310",0.129407206509105
"1837","37","051","003311",0.189948006932409
"1838","37","051","003312",0.070903912456903
"1839","37","051","003313",0.0615196078431373
"1840","37","051","003314",0.107771068521922
"1841","37","051","003401",0.0286403376545071
"1842","37","051","003402",0
"1843","37","051","003403",0.00853124279455845
"1844","37","051","003404",0
"1845","37","051","003405",0.0104004160166407
"1846","37","051","003406",0.0164433617539586
"1847","37","051","003407",0
"1848","37","051","003408",0
"1849","37","051","003800",0.121278140885984
"1850","37","051","980100",NA
"1851","37","051","980200",0
"1852","37","053","110301",0.0867126833477136
"1853","37","053","110302",0.158434547908232
"1854","37","053","110401",0.162861072902338
"1855","37","053","110402",0.170170665347514
"1856","37","081","010403",0.0557294927989981
"1857","37","081","010404",0.0195765081901718
"1858","37","081","011904",0.120329322355921
"1859","37","081","011905",0.169005235602094
"1860","37","081","012508",0.0785193494111049
"1861","37","081","012608",0.293743372216331
"1862","37","081","012609",0.160933081998115
"1863","37","081","011500",0.161977186311787
"1864","37","081","011602",0.25499115491534
"1865","37","081","012505",0.04
"1866","37","157","041400",0.168980697595665
"1867","37","157","040101",0.0789270054165592
"1868","37","157","040601",0.0948743223262691
"1869","37","157","040502",0.0687776642832823
"1870","37","157","041001",0.0959647338080705
"1871","37","157","040800",0.0884396715097915
"1872","37","157","041300",0.162439024390244
"1873","37","169","070100",0.105481039907269
"1874","37","169","070300",0.127093370039
"1875","37","169","070600",0.114384748700173
"1876","37","169","070700",0.130239520958084
"1877","37","067","004012",0.0567353407290016
"1878","37","067","004013",0.146207295888825
"1879","37","067","004014",0.0544760582928522
"1880","37","067","004015",0.0644346178142767
"1881","37","067","004103",0.0857334226389819
"1882","37","067","004104",0.0638504491381403
"1883","37","069","060301",0.0409929772987098
"1884","37","069","060302",0.100296076980015
"1885","37","069","060401",0.0930064888248017
"1886","37","069","060402",0.161115569823435
"1887","37","069","060501",0.0752730622450322
"1888","37","069","060502",0.0312290127602418
"1889","37","069","060801",0.165285226718674
"1890","37","069","060802",0.130068560235064
"1891","37","071","030101",0.164874551971326
"1892","37","071","030203",0.159444678165755
"1893","37","071","030204",0.0343741048410198
"1894","37","071","030102",0.0518573921715283
"1895","37","071","030205",0.0871636103834246
"1896","37","071","030301",0.138817480719794
"1897","37","071","030302",0.11119936457506
"1898","37","071","030401",0.0819480215406228
"1899","37","071","030402",0.0934995547640249
"1900","37","081","012509",0.0445982314494425
"1901","37","081","013601",0.0764080346593147
"1902","37","183","053108",0.0486549707602339
"1903","37","119","000800",0.158991596638655
"1904","37","119","000900",0.201095890410959
"1905","37","119","001400",0.116250385445575
"1906","37","119","002200",0.0378714313458924
"1907","37","119","003011",0.0302054584483287
"1908","37","119","003015",0.0619469026548673
"1909","37","119","003102",0.146714671467147
"1910","37","119","001701",0.174334686513306
"1911","37","119","000700",0.0879120879120879
"1912","37","119","001912",0.265190711105763
"1913","37","119","003012",0.0830065359477124
"1914","37","119","002100",0.136755204594401
"1915","37","119","003013",0.0229521171349426
"1916","37","119","005301",0.242759595008241
"1917","37","119","001300",0.173359451518119
"1918","37","119","003008",0.0886053517632465
"1919","37","147","000701",0.0951354679802956
"1920","37","147","000702",0.0776632302405498
"1921","37","147","001200",0.058258444375581
"1922","37","147","001700",0.150732127476314
"1923","37","147","001900",0.140040241448692
"1924","37","125","950100",0.069362261669954
"1925","37","125","950502",0.0993795701307334
"1926","37","125","951000",0.055198973042362
"1927","37","125","951100",0.0611023266320307
"1928","37","139","960400",0.169377990430622
"1929","37","139","960100",0.234071093226023
"1930","37","139","960200",0.146805217775813
"1931","37","139","960300",0.135986733001658
"1932","37","139","960600",0.0811781609195402
"1933","37","155","961400",0.116748768472906
"1934","37","155","961700",0.0997020854021847
"1935","37","155","960300",0.14639079029247
"1936","37","155","961500",0.142233683792898
"1937","37","155","961900",0.149018019842073
"1938","37","155","961000",0.121044701155198
"1939","37","155","961100",0.261510952168082
"1940","37","081","016410",0.105506783719074
"1941","37","081","016505",0.0560352124597935
"1942","37","031","970501",0.0917670029287341
"1943","37","031","970502",0.0798654897015553
"1944","37","051","002700",0.0605621908553505
"1945","37","051","003205",0.0530938902986531
"1946","37","051","000500",0.159965034965035
"1947","37","051","000600",0.115163492633848
"1948","37","051","002200",0.0775261324041812
"1949","37","051","002300",0.127522935779817
"1950","37","191","001900",0.123197625106022
"1951","37","191","000602",0.182194616977226
"1952","37","087","920101",0.100200976169968
"1953","37","087","920102",0.0908843537414966
"1954","37","087","920200",0.124263839811543
"1955","37","087","920300",0.0946910897236883
"1956","37","087","920400",0.0770440251572327
"1957","37","087","920500",0.0813397129186603
"1958","37","087","920600",0.129862111545586
"1959","37","087","920700",0.10690537084399
"1960","37","087","920800",0.082808564231738
"1961","37","087","920900",0.138095238095238
"1962","37","087","921000",0.0557138334916113
"1963","37","087","921100",0.032027128862095
"1964","37","087","921200",0.119452054794521
"1965","37","087","921301",0.10909449595581
"1966","37","087","921302",0.0820880245649949
"1967","37","089","930100",0.142792691179788
"1968","37","089","930200",0.16166353971232
"1969","37","089","930300",0.166098392596201
"1970","37","089","930401",0.178438661710037
"1971","37","089","930402",0.136713735558408
"1972","37","089","930501",0.0955239238552564
"1973","37","089","930502",0.0569594034797017
"1974","37","089","930600",0.104326186830015
"1975","37","089","930800",0.115135135135135
"1976","37","089","930900",0.128740431454419
"1977","37","089","931000",0.0471734148204736
"1978","37","089","931100",0.100804289544236
"1979","37","089","931200",0.112747353888633
"1980","37","089","931300",0.160806491271207
"1981","37","089","931400",0.328729725389433
"1982","37","089","931500",0.0688121402407117
"1983","37","089","931600",0.0999004975124378
"1984","37","089","931700",0.0746783809224977
"1985","37","155","960503",0.102829162132753
"1986","37","147","001301",0.0425531914893617
"1987","37","147","001302",0.051043676547974
"1988","37","147","001303",0.0798151386460155
"1989","37","147","001401",0.111757105943152
"1990","37","147","001402",0.0381564034756328
"1991","37","149","920101",0.108708357685564
"1992","37","149","920103",0.0872865275142315
"1993","37","149","920104",0.101431238332296
"1994","37","149","920200",0.0947651562176702
"1995","37","149","920301",0.192377495462795
"1996","37","053","990100",NA
"1997","37","055","970101",0.0404040404040404
"1998","37","055","970102",0.0847018150388937
"1999","37","055","970501",0.211753731343284
"2000","37","055","970502",0.163880515209646
"2001","37","055","970601",0.152788486250321
"2002","37","055","970602",0.150953389830508
"2003","37","055","990100",NA
"2004","37","055","990200",NA
"2005","37","057","060101",0.0569529284944305
"2006","37","057","060102",0.0492558935861978
"2007","37","057","060201",0.0901585922224636
"2008","37","057","060202",0.15203955500618
"2009","37","057","060203",0.112983151635282
"2010","37","171","931200",0.0681592039800995
"2011","37","173","940100",0.309240246406571
"2012","37","173","960301",0.129474740715959
"2013","37","173","960302",0.175037593984962
"2014","37","173","980200",NA
"2015","37","175","960401",0.0870646766169154
"2016","37","175","960402",0.0648740930431071
"2017","37","179","020306",0.117068811438785
"2018","37","013","930200",0.19811320754717
"2019","37","013","930300",0.134087237479806
"2020","37","013","930400",0.0518628281117697
"2021","37","013","930501",0.177677564825254
"2022","37","013","930502",0.104242110708743
"2023","37","013","930600",0.0803402646502836
"2024","37","013","930700",0.0991379310344828
"2025","37","013","930800",0.126712328767123
"2026","37","071","031202",0.0874843030556718
"2027","37","071","031401",0.0633648943918427
"2028","37","071","031402",0.0329052969502408
"2029","37","071","031703",0.075019040365575
"2030","37","071","031704",0.110608880616857
"2031","37","071","032401",0.071573137074517
"2032","37","071","032402",0.0852440828402367
"2033","37","071","032505",0.0821121778676099
"2034","37","071","032506",0.0802919708029197
"2035","37","071","032507",0.030570090884054
"2036","37","071","032508",0.0258064516129032
"2037","37","071","032703",0.0778906627963232
"2038","37","071","032704",0.10779871213928
"2039","37","071","033203",0.169180595189564
"2040","37","071","030501",0.0647948164146868
"2041","37","071","030502",0.092990784697012
"2042","37","071","030601",0.046969696969697
"2043","37","071","030602",0.164522417153996
"2044","37","071","030801",0.113133940182055
"2045","37","071","030802",0.131103515625
"2046","37","071","030901",0.149489322191272
"2047","37","071","030902",0.118984664198837
"2048","37","071","031003",0.133082706766917
"2049","37","119","002400",0.114523536165327
"2050","37","119","002800",0.02075
"2051","37","119","006103",0.0700303280948442
"2052","37","119","006104",0.123974373384287
"2053","37","119","006105",0.128991060025543
"2054","37","119","006106",0.107913669064748
"2055","37","119","005915",0.0858059342421812
"2056","37","119","005917",0.112880114631428
"2057","37","119","006107",0.128092447916667
"2058","37","119","006108",0.141532347096489
"2059","37","119","006109",0.0802409638554217
"2060","37","119","006208",0.120689655172414
"2061","37","119","006209",0.109620991253644
"2062","37","119","006210",0.0480213428190307
"2063","37","119","006211",0.0146396396396396
"2064","37","119","006212",0.0387872166074843
"2065","37","119","006213",0.0469699214698474
"2066","37","119","006214",0.0844300968462876
"2067","37","119","006215",0.119348659003831
"2068","37","119","006303",0.063317384370016
"2069","37","119","006304",0.075776926351639
"2070","37","119","006403",0.0583751253761284
"2071","37","119","006404",0.0299159120310479
"2072","37","119","006405",0.0550369506028783
"2073","37","119","006406",0.0686180422264875
"2074","37","119","006407",0.0439231345145994
"2075","37","119","980100",NA
"2076","37","119","980200",NA
"2077","37","119","980300",0
"2078","37","123","960401",0.0797413793103448
"2079","37","123","960402",0.0765514678558157
"2080","37","125","950301",0.0453089244851259
"2081","37","125","950302",0.0337056242520941
"2082","37","125","950401",0.117663499161543
"2083","37","031","970503",0.0572171651495449
"2084","37","031","970504",0.0963401506996771
"2085","37","031","970601",0.13923182441701
"2086","37","031","970602",0.0639585133967156
"2087","37","031","970603",0.186725018234865
"2088","37","031","970604",0.0484540839870789
"2089","37","031","970605",0.0980113636363636
"2090","37","031","970701",0.136651583710407
"2091","37","031","970702",0.189305878445699
"2092","37","031","970703",0.0867052023121387
"2093","37","031","970704",0.120171673819742
"2094","37","031","970801",0.0975531229877656
"2095","37","031","970802",0.0685446009389671
"2096","37","031","970803",0.0612373737373737
"2097","37","031","970804",0.0719139297848245
"2098","37","031","970805",0.0979967514889009
"2099","37","031","970901",0.0576923076923077
"2100","37","031","970902",0.0681653372008702
"2101","37","031","970903",0.025709219858156
"2102","37","031","971001",0.0423076923076923
"2103","37","031","971002",0.0342516753536858
"2104","37","031","971101",0.0922712933753943
"2105","37","031","990100",NA
"2106","37","031","971102",0.110714285714286
"2107","37","031","980100",NA
"2108","37","031","990200",NA
"2109","37","033","930100",0.120066472787703
"2110","37","033","930200",0.0416666666666667
"2111","37","033","930300",0.0935747067822539
"2112","37","033","930400",0.0556303275011216
"2113","37","033","930500",0.0446579988694178
"2114","37","033","930600",0.0844205679201842
"2115","37","035","011402",0.183919856152068
"2116","37","035","010501",0.0780399274047187
"2117","37","057","060900",0.149950149551346
"2118","37","057","061400",0.263291945240369
"2119","37","057","061802",0.0931189710610933
"2120","37","057","060800",0.0980340063761955
"2121","37","057","061300",0.0813603099440379
"2122","37","193","960802",0.0727385122604575
"2123","37","193","961001",0.146250582207732
"2124","37","193","961002",0.0614391143911439
"2125","37","195","000501",0.0407667386609071
"2126","37","195","000502",0.0683967008650171
"2127","37","199","960101",0.103040086090934
"2128","37","199","960102",0.158395989974937
"2129","37","113","970302",0.166123019571295
"2130","37","113","970502",0.0982142857142857
"2131","37","119","001507",0.312883435582822
"2132","37","119","001508",0.1292615697084
"2133","37","119","001509",0.213841578805082
"2134","37","119","001510",0.14474899907607
"2135","37","119","001605",0.296892980437284
"2136","37","119","001606",0.39614795360035
"2137","37","119","001607",0.37778455904791
"2138","37","119","001608",0.254840162089149
"2139","37","119","001609",0.195469067673541
"2140","37","119","001801",0.17433234421365
"2141","37","119","001802",0.0966555183946488
"2142","37","119","001915",0.210709318497914
"2143","37","119","001914",0.180984408437787
"2144","37","119","001916",0.154844290657439
"2145","37","119","001917",0.228138528138528
"2146","37","119","001918",0.218426966292135
"2147","37","119","001919",0.174781809830041
"2148","37","119","001920",0.269204851752022
"2149","37","119","001921",0.191581040768976
"2150","37","119","001922",0.180254777070064
"2151","37","119","001923",0.244666956900305
"2152","37","119","002701",0.0335104209235799
"2153","37","119","002702",0.0162428219852338
"2154","37","119","002905",0.017480577136515
"2155","37","119","002906",0.0258010819808573
"2156","37","119","003017",0.013234919826928
"2157","37","119","003109",0.395292027537197
"2158","37","119","003018",0.0150581793292266
"2159","37","119","003108",0.246586345381526
"2160","37","119","003203",0.138425746413338
"2161","37","191","000500",0.00555918901242642
"2162","37","081","016506",0.0683793702916747
"2163","37","081","016701",0.101415487094088
"2164","37","081","016702",0.07954228300307
"2165","37","081","980100",NA
"2166","37","083","930100",0.138632162661738
"2167","37","083","930200",0.0409356725146199
"2168","37","083","930300",0.155581395348837
"2169","37","083","930400",0.18876404494382
"2170","37","083","930600",0.0964689591507039
"2171","37","083","930700",0.0886917960088692
"2172","37","083","930800",0.10085199128195
"2173","37","083","930501",0.131428571428571
"2174","37","083","930502",0.088394584139265
"2175","37","083","930900",0.15779053652742
"2176","37","083","931000",0.0615530303030303
"2177","37","083","931100",0.198495242310246
"2178","37","085","070401",0.164959016393443
"2179","37","085","070402",0.153403218662336
"2180","37","085","070801",0.140740740740741
"2181","37","085","070802",0.0810316815597076
"2182","37","085","070901",0.113438607798904
"2183","37","085","070902",0.180280676502339
"2184","37","085","070903",0.149130832570906
"2185","37","085","071002",0.0862656072644722
"2186","37","085","071101",0.136252379657329
"2187","37","085","071102",0.156847742922724
"2188","37","085","070904",0.159048877146631
"2189","37","085","071001",0.0614464382816748
"2190","37","057","060301",0.0725604670558799
"2191","37","057","060302",0.088112232340635
"2192","37","057","060303",0.0520833333333333
"2193","37","057","060304",0.107015130674003
"2194","37","057","060601",0.106607929515419
"2195","37","057","060602",0.0872380952380952
